,image_id,breeds
0,7ede553357,crotalus-atrox
1,3500b219e4,thamnophis-marcianus
2,d43a78d6d9,agkistrodon-contortrix
3,1f36f26994,storeria-dekayi
4,8cb85fc58e,pantherophis-obsoletus
5,7176bcfe9a,agkistrodon-contortrix
6,27f2d0f582,pituophis-catenifer
7,43eebba928,pantherophis-obsoletus
8,180a56f143,crotalus-horridus
9,07fd20e8bd,rhinocheilus-lecontei
10,d6145eb8ef,crotalus-horridus
11,43cf88006f,opheodrys-aestivus
12,545094975f,agkistrodon-contortrix
13,de232d35ce,diadophis-punctatus
14,f49f11daf4,diadophis-punctatus
15,be70c24805,crotalus-atrox
16,8a68c61789,diadophis-punctatus
17,e4a0afbde5,lampropeltis-triangulum
18,5d046e4a57,agkistrodon-contortrix
19,9450d432f1,crotalus-horridus
20,24ae6b28c9,storeria-dekayi
21,bbbcf461fd,pituophis-catenifer
22,25f864a129,crotalus-atrox
23,9d63e29dab,crotalus-atrox
24,560a7820ef,haldea-striatula
25,261a672081,diadophis-punctatus
26,e08cecfcc8,crotalus-atrox
27,dcbaefa9de,lampropeltis-californiae
28,4757eec719,lampropeltis-californiae
29,7a5772b7df,heterodon-platirhinos
30,756a3734d1,storeria-dekayi
31,bcb51ed4fd,thamnophis-sirtalis
32,b28a9dbd17,diadophis-punctatus
33,84496bd65b,agkistrodon-contortrix
34,97254f0a1e,haldea-striatula
35,738e860bf3,haldea-striatula
36,5b04af2d08,pituophis-catenifer
37,df1007a11e,thamnophis-marcianus
38,71e4a3726c,storeria-dekayi
39,9ec71badf5,agkistrodon-piscivorus
40,9aaf30ca4e,pituophis-catenifer
41,502dbd30e8,pituophis-catenifer
42,6a0948343e,thamnophis-sirtalis
43,a9c94931b4,rhinocheilus-lecontei
44,94f8b871bc,nerodia-erythrogaster
45,65be04e1a7,lampropeltis-californiae
46,553b5be83f,pantherophis-obsoletus
47,f156e4b9ad,pantherophis-obsoletus
48,c195a35480,pantherophis-obsoletus
49,ba36d77d65,thamnophis-sirtalis
50,ac60cb4c64,pituophis-catenifer
51,e99babb9da,nerodia-erythrogaster
52,3f79415b22,lampropeltis-californiae
53,07a7f4b8a2,thamnophis-sirtalis
54,8713b35996,agkistrodon-contortrix
55,8161aa3270,thamnophis-sirtalis
56,c084141ebb,pantherophis-obsoletus
57,3f264dfa93,crotalus-atrox
58,ac29145967,crotalus-atrox
59,14cc5c0b07,thamnophis-marcianus
60,0d53f3592b,pantherophis-obsoletus
61,339702c73e,coluber-constrictor
62,d9282cfc2f,diadophis-punctatus
63,7cbb3598a5,crotalus-atrox
64,7d23dd1a25,thamnophis-sirtalis
65,302ae16a4f,agkistrodon-piscivorus
66,665ce5599e,crotalus-viridis
67,7fe9ccee38,pantherophis-obsoletus
68,b4ee296fbe,opheodrys-aestivus
69,463302e361,storeria-dekayi
70,a18b060715,storeria-dekayi
71,72b767e027,nerodia-fasciata
72,28c9bd4b10,opheodrys-aestivus
73,a8cf67b3cd,storeria-dekayi
74,dc0bd440c3,crotalus-horridus
75,1b558cc89f,storeria-dekayi
76,23a5181788,lampropeltis-californiae
77,17e5f4b5bf,pantherophis-alleghaniensis
78,45708c6f17,lampropeltis-californiae
79,90e93122c1,crotalus-atrox
80,9aac958618,storeria-dekayi
81,23f9ca3329,thamnophis-sirtalis
82,3702f63d72,opheodrys-aestivus
83,142b516abc,lampropeltis-triangulum
84,db55095044,pantherophis-obsoletus
85,2532449658,pituophis-catenifer
86,521ce40402,pituophis-catenifer
87,5bdb8079ed,storeria-dekayi
88,2b88eaac56,crotalus-atrox
89,f11e311c90,opheodrys-aestivus
90,75b79378c3,pantherophis-obsoletus
91,8f457bca60,pantherophis-obsoletus
92,4aae3ed36b,pituophis-catenifer
93,7e85692fa2,crotalus-atrox
94,8557e64d0e,nerodia-sipedon
95,f590310834,thamnophis-marcianus
96,6ce6de9def,crotalus-atrox
97,5e13f84aae,storeria-dekayi
98,3f595dc653,nerodia-sipedon
99,28fc7c65cc,crotalus-atrox
100,2e6627723a,crotalus-atrox
101,759223778f,haldea-striatula
102,68e08979eb,agkistrodon-contortrix
103,b51b666b0a,agkistrodon-contortrix
104,1134c2556d,storeria-dekayi
105,e10bcc9899,opheodrys-aestivus
106,4d84d06252,agkistrodon-contortrix
107,71792ec7f9,storeria-dekayi
108,87fff43cf4,thamnophis-sirtalis
109,d0d91b6a16,agkistrodon-contortrix
110,b1606f2410,storeria-dekayi
111,f9a3564f88,pituophis-catenifer
112,8bdccf2baf,crotalus-atrox
113,abbfa54027,crotalus-horridus
114,ca469b7a27,storeria-dekayi
115,95a51a0fcd,storeria-dekayi
116,8ef78ef2d3,storeria-dekayi
117,e21af6d4b9,nerodia-rhombifer
118,221b1ee2f1,crotalus-atrox
119,b2c3d5d9fb,thamnophis-sirtalis
120,526c9eac74,diadophis-punctatus
121,a38e41fd76,storeria-dekayi
122,b2ba21f052,crotalus-atrox
123,3b9b67ba03,agkistrodon-contortrix
124,327b772827,coluber-constrictor
125,2afdb4999f,thamnophis-sirtalis
126,0cbf1992d0,thamnophis-marcianus
127,c822ae5d01,nerodia-sipedon
128,5405370c87,storeria-dekayi
129,092388daba,crotalus-atrox
130,99a3b654d0,pituophis-catenifer
131,e0f8e741d4,crotalus-atrox
132,5d9cf27241,pituophis-catenifer
133,632bed91e6,rhinocheilus-lecontei
134,83d7c726d0,pituophis-catenifer
135,2555c7e7ce,storeria-dekayi
136,2b9180fb4f,agkistrodon-contortrix
137,e211c36384,lampropeltis-triangulum
138,06b96eed56,crotalus-atrox
139,d8fe032fe4,storeria-dekayi
140,366c0f8d42,agkistrodon-contortrix
141,be80579760,pantherophis-obsoletus
142,a4ff6226a3,thamnophis-sirtalis
143,53da6f2a06,pituophis-catenifer
144,509628b6d3,agkistrodon-contortrix
145,75206b0c2d,pituophis-catenifer
146,c3e988cbe7,thamnophis-marcianus
147,bf3224d5bb,crotalus-atrox
148,2d45d24990,crotalus-horridus
149,217a85c6a0,nerodia-erythrogaster
150,f910b4dafd,nerodia-sipedon
151,dbc89aa6fc,pantherophis-guttatus
152,e0c882d7b5,pantherophis-obsoletus
153,bbd20396ee,pituophis-catenifer
154,a9bd8d4550,crotalus-atrox
155,f9315c3d9d,storeria-occipitomaculata
156,c53c61ff1d,nerodia-rhombifer
157,ae76c25b30,agkistrodon-contortrix
158,0554b687c1,nerodia-sipedon
159,8227ee21d5,nerodia-sipedon
160,e63f970c24,crotalus-atrox
161,5a7a965d51,lampropeltis-californiae
162,6f885777ae,pantherophis-alleghaniensis
163,c63d4c04d9,lampropeltis-californiae
164,d678d67897,thamnophis-sirtalis
165,03d156d9ee,agkistrodon-piscivorus
166,39d5cf451b,crotalus-atrox
167,c8583aa3f1,thamnophis-proximus
168,72fd0c7625,crotalus-horridus
169,89428de91a,nerodia-erythrogaster
170,e3ad957f8f,diadophis-punctatus
171,4b49ad90af,storeria-occipitomaculata
172,e4ff7155e8,pituophis-catenifer
173,eaa331f24e,nerodia-erythrogaster
174,28edbbefda,thamnophis-sirtalis
175,aa1015e3c8,pantherophis-obsoletus
176,644033bba9,crotalus-atrox
177,c612cc9390,pantherophis-alleghaniensis
178,6870b31b63,opheodrys-aestivus
179,b22d6d545d,diadophis-punctatus
180,bf1adbeecc,thamnophis-sirtalis
181,16e1861f42,crotalus-atrox
182,8e7302d0c7,crotalus-atrox
183,473b09a338,diadophis-punctatus
184,80da1ca7fe,pantherophis-obsoletus
185,c3e38fc290,pantherophis-obsoletus
186,901a78b5f6,diadophis-punctatus
187,250946e33d,opheodrys-aestivus
188,71bb3b775f,storeria-dekayi
189,58e653c556,crotalus-atrox
190,ff0d70fb78,pantherophis-obsoletus
191,bbbaf02d7b,crotalus-atrox
192,a8729cbe08,pantherophis-obsoletus
193,e754670fa9,pituophis-catenifer
194,d51800edfc,pantherophis-obsoletus
195,54705e5068,crotalus-atrox
196,2d26350d5f,nerodia-sipedon
197,65ea1d3d84,nerodia-sipedon
198,fc2019398b,crotalus-atrox
199,76bc77c3be,diadophis-punctatus
200,ae5258ea04,lampropeltis-triangulum
201,8d8734a395,diadophis-punctatus
202,a6ac17e3d8,thamnophis-marcianus
203,2ca8252168,crotalus-atrox
204,d81bbe11bb,nerodia-sipedon
205,fb1ea63ee1,diadophis-punctatus
206,d7b6ef28af,pituophis-catenifer
207,fe015ee591,storeria-dekayi
208,e4f9ad2007,nerodia-erythrogaster
209,26758bec6d,pantherophis-alleghaniensis
210,23dd09c2b6,thamnophis-marcianus
211,7c34e2cdec,thamnophis-radix
212,6ec294cf12,storeria-dekayi
213,36d521dbd5,thamnophis-sirtalis
214,9a6e35d716,pantherophis-obsoletus
215,8bbc299a40,pantherophis-obsoletus
216,fd5e259ea8,pituophis-catenifer
217,db292dcc3b,pantherophis-guttatus
218,f481c83182,storeria-dekayi
219,4245d68d46,agkistrodon-piscivorus
220,59e640bb91,pantherophis-obsoletus
221,36c233f563,opheodrys-aestivus
222,bc3799b2df,diadophis-punctatus
223,9e937f940b,opheodrys-aestivus
224,9a7b588cb9,nerodia-rhombifer
225,7ff5570d2f,pantherophis-obsoletus
226,087903f361,pantherophis-alleghaniensis
227,6e66f9667f,thamnophis-sirtalis
228,60dd49f8d4,rhinocheilus-lecontei
229,7064757509,thamnophis-sirtalis
230,baa3f02141,crotalus-horridus
231,7dce396ff5,nerodia-sipedon
232,30a99aee44,pantherophis-alleghaniensis
233,665b29ab42,nerodia-sipedon
234,a443ddb908,storeria-dekayi
235,ac95eb1818,pituophis-catenifer
236,05a6798995,storeria-dekayi
237,0241586560,thamnophis-sirtalis
238,ff45fac73c,pantherophis-obsoletus
239,013c73ee17,thamnophis-sirtalis
240,b93e2f9f5b,thamnophis-sirtalis
241,2b1413378c,pantherophis-obsoletus
242,9cb08cd05a,storeria-dekayi
243,13aa42a7e4,storeria-dekayi
244,641e266e15,opheodrys-aestivus
245,7b5344ccfd,thamnophis-sirtalis
246,13cfe36156,haldea-striatula
247,e3638b66ab,storeria-dekayi
248,0f5042aa5a,storeria-dekayi
249,79783161b7,agkistrodon-piscivorus
250,195c38795c,nerodia-sipedon
251,0290d68533,diadophis-punctatus
252,2a2b711e1e,crotalus-atrox
253,51622421a7,pantherophis-obsoletus
254,9f4c9e5d29,diadophis-punctatus
255,55cf94ef25,pituophis-catenifer
256,8e3a442218,storeria-dekayi
257,a5bd623c6a,storeria-dekayi
258,192dd2d4b7,storeria-dekayi
259,5b3791c4e4,crotalus-horridus
260,4f3bb6e01a,pantherophis-obsoletus
261,9316eb7237,pantherophis-alleghaniensis
262,aa16a509cf,pantherophis-obsoletus
263,ad68959f68,storeria-dekayi
264,072f7c5df5,agkistrodon-contortrix
265,e6fe591e18,crotalus-atrox
266,eed4cc6dda,rhinocheilus-lecontei
267,6335735a8a,pituophis-catenifer
268,40fb202092,nerodia-erythrogaster
269,8d34d1a83e,pantherophis-obsoletus
270,5d58cc2fb1,pantherophis-guttatus
271,e073226ee2,storeria-dekayi
272,630628b60b,crotalus-atrox
273,c074d2a3c3,diadophis-punctatus
274,2c03979041,rhinocheilus-lecontei
275,237efd22ef,nerodia-sipedon
276,5a23092d94,agkistrodon-contortrix
277,cebc8a3140,pantherophis-alleghaniensis
278,ddbb02224a,thamnophis-sirtalis
279,785ba4871f,agkistrodon-piscivorus
280,d19b66d326,pantherophis-obsoletus
281,f9b0800cb8,haldea-striatula
282,2f065830d7,diadophis-punctatus
283,b9893aa41a,haldea-striatula
284,2c442a09ed,pantherophis-obsoletus
285,ea100d15e2,lampropeltis-californiae
286,9363d2c4be,crotalus-horridus
287,dd0dc5ba1a,nerodia-erythrogaster
288,86b438d651,haldea-striatula
289,a7596b0dda,lampropeltis-californiae
290,c0a9301d14,crotalus-atrox
291,59d4a652fa,diadophis-punctatus
292,9266faaacf,pituophis-catenifer
293,5c6713d750,pantherophis-obsoletus
294,4a7b39ccff,crotalus-atrox
295,c91233cf4f,storeria-dekayi
296,316d089f08,thamnophis-sirtalis
297,63bb9ed8c2,nerodia-sipedon
298,8ec81d1cab,thamnophis-sirtalis
299,0bef464da6,pantherophis-obsoletus
300,e3497219ae,pantherophis-obsoletus
301,259af44b24,crotalus-atrox
302,c52f2693cf,diadophis-punctatus
303,18f5184f2e,agkistrodon-contortrix
304,728f07bb97,nerodia-sipedon
305,fba22fecef,pituophis-catenifer
306,fdbcf4aa99,thamnophis-sirtalis
307,f8d202075f,storeria-dekayi
308,369a02e471,thamnophis-radix
309,3e2cadfaa9,crotalus-atrox
310,0a59465b78,crotalus-atrox
311,5717af5063,storeria-dekayi
312,5a5ed0a9f9,agkistrodon-contortrix
313,503bd5a793,crotalus-atrox
314,861b144528,pantherophis-obsoletus
315,2c1c60baac,crotalus-atrox
316,f583cab812,crotalus-atrox
317,98e28ee840,agkistrodon-contortrix
318,e981adefe8,pantherophis-obsoletus
319,847dcb005c,thamnophis-sirtalis
320,2bdd1204df,agkistrodon-contortrix
321,436a5443a6,coluber-constrictor
322,b474fba6f6,nerodia-sipedon
323,4a52d81d06,thamnophis-sirtalis
324,e04df53f33,opheodrys-aestivus
325,6e0bc47bff,rhinocheilus-lecontei
326,00a9bba384,lampropeltis-triangulum
327,c34e07aea2,storeria-dekayi
328,ddb3fdca4e,pantherophis-obsoletus
329,772912b335,agkistrodon-contortrix
330,d2d8c969f4,storeria-dekayi
331,05c0503e80,crotalus-atrox
332,0a2842082d,diadophis-punctatus
333,f63ccbe5e4,pituophis-catenifer
334,7c71df0f36,thamnophis-marcianus
335,b812b08083,pituophis-catenifer
336,aa46c84394,pantherophis-obsoletus
337,172ea701fa,diadophis-punctatus
338,4da6e0c4b1,pantherophis-obsoletus
339,2680cb138a,pantherophis-obsoletus
340,042411e752,pantherophis-obsoletus
341,3a90a92e92,thamnophis-sirtalis
342,194d8bc5a0,opheodrys-aestivus
343,1ac35b5307,pantherophis-obsoletus
344,bd26891431,thamnophis-proximus
345,9bcdad786e,crotalus-atrox
346,3fbfac0bbb,nerodia-rhombifer
347,d9f6166852,opheodrys-aestivus
348,c27414795d,pantherophis-obsoletus
349,031d5fd2dd,thamnophis-sirtalis
350,b359100fa4,thamnophis-sirtalis
351,999b3783d7,pituophis-catenifer
352,959cdb0f88,pantherophis-alleghaniensis
353,8fa0dcc6df,rhinocheilus-lecontei
354,8ea058e917,heterodon-platirhinos
355,ae46441c69,pantherophis-obsoletus
356,b08c38c7f7,thamnophis-sirtalis
357,328d66a6d0,pituophis-catenifer
358,5ac5adfab9,pantherophis-obsoletus
359,593c3b2407,nerodia-sipedon
360,5d701c6be6,crotalus-atrox
361,b6bcd1799a,nerodia-erythrogaster
362,b3494fd089,agkistrodon-piscivorus
363,0448002637,haldea-striatula
364,fff8bffdb0,opheodrys-aestivus
365,0cbc0f68b6,thamnophis-sirtalis
366,0debda08e0,pituophis-catenifer
367,d0283c614b,storeria-dekayi
368,2dbe75a840,nerodia-erythrogaster
369,6d998bc9af,diadophis-punctatus
370,3ff941e398,thamnophis-marcianus
371,a9410566e4,thamnophis-sirtalis
372,358af00cdd,crotalus-atrox
373,e4ab7ba2ab,agkistrodon-contortrix
374,b07f81508c,opheodrys-aestivus
375,3b1799fe42,thamnophis-proximus
376,3d6339ea74,haldea-striatula
377,2163674737,crotalus-atrox
378,d99ab56103,storeria-dekayi
379,54ba70e3cc,agkistrodon-contortrix
380,545ed78e38,storeria-dekayi
381,e7d07009df,pantherophis-obsoletus
382,f6ec7eba7b,thamnophis-sirtalis
383,64c3ac5ad0,crotalus-atrox
384,b72ce0175f,agkistrodon-contortrix
385,b894d764f5,storeria-dekayi
386,cf5d7c4e17,lampropeltis-triangulum
387,58663371a3,rhinocheilus-lecontei
388,81bf550daa,thamnophis-sirtalis
389,37f5ad479e,nerodia-sipedon
390,3c8edae2a4,crotalus-horridus
391,4cb468d415,nerodia-sipedon
392,92e04ca324,lampropeltis-triangulum
393,11373da95a,pituophis-catenifer
394,6a3bcbcf4a,lampropeltis-californiae
395,a5f24a2ecc,nerodia-rhombifer
396,1edabbc312,pantherophis-obsoletus
397,96aee5ec60,diadophis-punctatus
398,4598203b0a,crotalus-atrox
399,6bd8b7a823,diadophis-punctatus
400,54f91fbb3a,thamnophis-proximus
401,b9d8bbfa03,diadophis-punctatus
402,72f1ff130d,agkistrodon-contortrix
403,2eccd64667,haldea-striatula
404,2546d11351,diadophis-punctatus
405,b09f1d031b,diadophis-punctatus
406,bd5a29330a,pituophis-catenifer
407,4451e8bf97,opheodrys-aestivus
408,86a4573103,heterodon-platirhinos
409,da7212161e,crotalus-atrox
410,aa1da0bc83,crotalus-atrox
411,6e802f864c,pantherophis-alleghaniensis
412,8eaa4e8d18,crotalus-atrox
413,ffa547380d,thamnophis-sirtalis
414,776bf9c3e7,crotalus-atrox
415,f6058731c7,nerodia-rhombifer
416,3137a9d8f4,pituophis-catenifer
417,c5eda48da7,thamnophis-sirtalis
418,23e13b5ba3,crotalus-atrox
419,c264755582,nerodia-erythrogaster
420,958f27ae53,pantherophis-alleghaniensis
421,f1ce7a658c,nerodia-sipedon
422,897932c055,storeria-dekayi
423,a17470a422,storeria-dekayi
424,f756da9b22,pantherophis-obsoletus
425,83f99d01b7,pituophis-catenifer
426,1c097f3bb5,pantherophis-obsoletus
427,638716b738,lampropeltis-triangulum
428,74772031c5,crotalus-horridus
429,94f3aa78e0,thamnophis-proximus
430,c0f734db4f,opheodrys-aestivus
431,4f9c43f59c,crotalus-atrox
432,1b32d18277,crotalus-horridus
433,2145486df9,agkistrodon-piscivorus
434,9e779ef62b,agkistrodon-contortrix
435,caa85de8a4,agkistrodon-contortrix
436,dab850c45f,crotalus-ruber
437,326a993691,pantherophis-obsoletus
438,1a313e58c0,crotalus-atrox
439,eacde65a87,thamnophis-marcianus
440,16ef599310,opheodrys-aestivus
441,a1a1d8f4d3,pantherophis-alleghaniensis
442,b66574f0cb,pantherophis-obsoletus
443,dadd875c98,agkistrodon-contortrix
444,35f3e07f8a,heterodon-platirhinos
445,35b25084a8,thamnophis-sirtalis
446,5be6313607,nerodia-rhombifer
447,5e4b3549cb,lampropeltis-triangulum
448,14af77c260,diadophis-punctatus
449,a3ffe15ad1,storeria-dekayi
450,fcf5b7e439,opheodrys-aestivus
451,510f5e1945,crotalus-atrox
452,99d309ee88,storeria-dekayi
453,c5ba6d87e2,thamnophis-radix
454,0a00cdd2b8,pantherophis-obsoletus
455,9e10b0843c,nerodia-erythrogaster
456,9818345fa3,agkistrodon-piscivorus
457,424b8caccf,crotalus-horridus
458,291cd9c481,crotalus-atrox
459,0c02a2f5d7,crotalus-atrox
460,3393c3a6eb,heterodon-platirhinos
461,18e8e49c6a,nerodia-rhombifer
462,45245a5e5a,pantherophis-obsoletus
463,13696d31fb,crotalus-atrox
464,41e720d7de,agkistrodon-contortrix
465,40303088fa,thamnophis-sirtalis
466,67d1d73480,pantherophis-alleghaniensis
467,4e3e773484,crotalus-atrox
468,7517bb0623,agkistrodon-contortrix
469,559133de50,opheodrys-aestivus
470,9ae22849c1,opheodrys-aestivus
471,c5ff38ff68,pantherophis-obsoletus
472,71e572d33f,storeria-dekayi
473,332e5c6785,nerodia-sipedon
474,6003bbcbf9,pantherophis-obsoletus
475,5c17e68b40,pantherophis-guttatus
476,bad9a60677,pantherophis-alleghaniensis
477,209b809200,diadophis-punctatus
478,f2b9362dd4,pantherophis-obsoletus
479,8de60975b5,nerodia-rhombifer
480,8add8bfac9,crotalus-atrox
481,0d5c403d38,thamnophis-sirtalis
482,d483f5a5ce,pituophis-catenifer
483,7836689238,nerodia-sipedon
484,724a385d2e,crotalus-atrox
485,64e02bed8b,diadophis-punctatus
486,3133cffd8c,storeria-dekayi
487,ebd7ad9677,crotalus-atrox
488,fe50e904ff,diadophis-punctatus
489,7f4df9bad8,opheodrys-aestivus
490,b083b3bdfc,crotalus-atrox
491,5ac813acff,pantherophis-obsoletus
492,35084d1574,agkistrodon-piscivorus
493,9bbb1238dd,pantherophis-alleghaniensis
494,54da60ecca,diadophis-punctatus
495,8139d8a08f,nerodia-rhombifer
496,cf4b998e06,thamnophis-sirtalis
497,50ff72a201,crotalus-atrox
498,a0969f71a4,pantherophis-obsoletus
499,64b71700c0,pantherophis-alleghaniensis
500,420c648f8f,nerodia-sipedon
501,b48998dacd,thamnophis-proximus
502,d6ce6db8ac,agkistrodon-contortrix
503,f359a3a1cb,haldea-striatula
504,3e27aded25,agkistrodon-piscivorus
505,9baf0c175d,diadophis-punctatus
506,60cd847169,storeria-dekayi
507,8cc2b43e73,nerodia-erythrogaster
508,e635e0301a,thamnophis-sirtalis
509,53ad81ecbf,pituophis-catenifer
510,bd77bff983,pituophis-catenifer
511,e4b948cde5,storeria-dekayi
512,7a85d0a38f,crotalus-atrox
513,6e104122dd,opheodrys-aestivus
514,0bd440f886,rhinocheilus-lecontei
515,cfe48a6766,thamnophis-radix
516,dea4ad3c5c,coluber-constrictor
517,a70db3f4e2,diadophis-punctatus
518,73801d11da,diadophis-punctatus
519,91b9c66b6c,pantherophis-guttatus
520,7fa218f587,pantherophis-obsoletus
521,89aac8751e,opheodrys-aestivus
522,ccd99e20ab,nerodia-sipedon
523,3d4e749f5c,agkistrodon-contortrix
524,d981710b5c,thamnophis-sirtalis
525,52eec0f3fb,lampropeltis-californiae
526,7b01622a45,storeria-occipitomaculata
527,d8f3e2543c,storeria-dekayi
528,3da58beca1,pantherophis-alleghaniensis
529,27cc745b4e,storeria-dekayi
530,19e640cfea,nerodia-sipedon
531,e97ad14aa0,crotalus-atrox
532,fee6ac0981,storeria-dekayi
533,7688910bf6,pantherophis-alleghaniensis
534,e207f9f8e1,crotalus-atrox
535,38cfa09840,crotalus-atrox
536,e8c28b1fa8,agkistrodon-piscivorus
537,14b9eb3c99,opheodrys-aestivus
538,90b9422778,crotalus-atrox
539,55c6c72734,pantherophis-obsoletus
540,1b74b10f63,thamnophis-sirtalis
541,dbe94ca39f,thamnophis-sirtalis
542,2467f2a466,thamnophis-sirtalis
543,87c3cc64a9,diadophis-punctatus
544,f4f5dd040b,diadophis-punctatus
545,f32d83944c,nerodia-sipedon
546,de0c5e9a87,pantherophis-obsoletus
547,aff4a2c922,pituophis-catenifer
548,f96291b278,storeria-dekayi
549,c64eb91ae4,crotalus-atrox
550,2ae2c1199a,pantherophis-alleghaniensis
551,c032ab6ee3,pantherophis-alleghaniensis
552,33e62ea503,lampropeltis-triangulum
553,4d5e7f22ae,lampropeltis-triangulum
554,daa2966222,crotalus-atrox
555,a5234ec3be,crotalus-atrox
556,80eead3616,thamnophis-marcianus
557,ade437840f,pituophis-catenifer
558,2db8ff4d4f,thamnophis-sirtalis
559,b3b1353fab,pantherophis-guttatus
560,c449df8761,pituophis-catenifer
561,59979fbad2,diadophis-punctatus
562,f4698088c6,nerodia-sipedon
563,532b83a570,agkistrodon-contortrix
564,0e287bd3a4,storeria-dekayi
565,62a0846a7f,diadophis-punctatus
566,3fc4c2a5e1,crotalus-atrox
567,4d2299d5dc,agkistrodon-contortrix
568,416b4750da,storeria-dekayi
569,dfee6504e3,crotalus-atrox
570,bba431d5d4,nerodia-erythrogaster
571,d50e9b77ce,storeria-dekayi
572,423c84462d,diadophis-punctatus
573,d8854a4d6f,thamnophis-marcianus
574,06bfe160bc,pantherophis-obsoletus
575,b53265ae30,crotalus-horridus
576,4f7b14d1e9,crotalus-atrox
577,b0e5cdcf65,crotalus-atrox
578,3d90e98161,nerodia-sipedon
579,385387e75a,diadophis-punctatus
580,a016fbf111,pantherophis-obsoletus
581,79d92b5155,pantherophis-obsoletus
582,e8556cf2b3,pantherophis-obsoletus
583,b68aec61a9,pantherophis-obsoletus
584,6245275771,thamnophis-proximus
585,9af6f4bbb1,opheodrys-aestivus
586,e2839b926b,lampropeltis-triangulum
587,8d2f2c54a1,pantherophis-obsoletus
588,1e8f52cf8e,crotalus-atrox
589,c2bfddaefb,opheodrys-aestivus
590,fcac77e8e3,crotalus-atrox
591,a6eefff8e9,crotalus-atrox
592,48be242050,diadophis-punctatus
593,e849f57aaa,lampropeltis-triangulum
594,75053513e4,thamnophis-marcianus
595,0b6092dd9f,crotalus-horridus
596,f10dbb60ad,pantherophis-alleghaniensis
597,6fd275d6f8,pituophis-catenifer
598,7b110332b2,lampropeltis-triangulum
599,02b5ce8a0d,nerodia-sipedon
600,e286457476,lampropeltis-californiae
601,2fd9e2eee6,diadophis-punctatus
602,b79eb2b0fb,thamnophis-sirtalis
603,f5315a5875,pituophis-catenifer
604,db4493bb17,pantherophis-obsoletus
605,4ebadc4b4b,thamnophis-sirtalis
606,c98bc697c6,pituophis-catenifer
607,e3c6ba694a,pantherophis-alleghaniensis
608,783481beb0,agkistrodon-contortrix
609,f29333e380,crotalus-ruber
610,c3fb1dacc1,diadophis-punctatus
611,5b15bac5c2,crotalus-atrox
612,cd0721eb2a,storeria-dekayi
613,1e2ae139b7,storeria-dekayi
614,79553e62b3,pituophis-catenifer
615,cdbedb45cd,pantherophis-obsoletus
616,ee52483077,crotalus-ruber
617,1fac89750a,nerodia-sipedon
618,86a2ca0b18,thamnophis-sirtalis
619,d3a5b62b1f,crotalus-atrox
620,5276b71b91,crotalus-atrox
621,eff565b0e9,pantherophis-obsoletus
622,a0853d1197,nerodia-sipedon
623,38782ebfe4,storeria-dekayi
624,a16e3dec1e,nerodia-sipedon
625,223cc7e8a6,crotalus-atrox
626,fed1568a6c,crotalus-atrox
627,f2f891850d,crotalus-atrox
628,22580dc310,pantherophis-obsoletus
629,4b2040859d,crotalus-horridus
630,c40f2cf547,pantherophis-alleghaniensis
631,8a1f773d30,storeria-dekayi
632,26e77de0d3,pituophis-catenifer
633,3898d993ce,agkistrodon-contortrix
634,4c48326692,nerodia-sipedon
635,639ea18f23,pantherophis-alleghaniensis
636,6447cbdb15,crotalus-atrox
637,2fab3b74e1,pantherophis-obsoletus
638,70d03492db,thamnophis-sirtalis
639,df50ba8c91,crotalus-atrox
640,e68457fe19,nerodia-erythrogaster
641,b4ad055b21,storeria-dekayi
642,f10e985810,crotalus-atrox
643,ee41d19ab2,pituophis-catenifer
644,5af19d853b,thamnophis-sirtalis
645,e3e76a3d9c,diadophis-punctatus
646,59bcc84d9c,crotalus-atrox
647,49cd434b18,nerodia-sipedon
648,ce31772330,nerodia-sipedon
649,08e0a784b9,diadophis-punctatus
650,b38fb09f8b,agkistrodon-contortrix
651,1025e29ab7,pantherophis-obsoletus
652,98e71c5873,storeria-dekayi
653,ec7956ab61,crotalus-atrox
654,8221410682,diadophis-punctatus
655,51ee9e04f0,agkistrodon-piscivorus
656,96d75bfe8f,opheodrys-aestivus
657,8601628d1f,pantherophis-alleghaniensis
658,3dfa5ad947,rhinocheilus-lecontei
659,affc413c04,thamnophis-sirtalis
660,8d0378446f,agkistrodon-piscivorus
661,d4575182a3,pituophis-catenifer
662,64b48406af,nerodia-sipedon
663,371a621202,opheodrys-aestivus
664,aef6cdef7f,pituophis-catenifer
665,5767b7291d,nerodia-sipedon
666,bce7024134,storeria-dekayi
667,1e8ba66e6d,pituophis-catenifer
668,1cca4dde7e,opheodrys-aestivus
669,0497ecfd64,thamnophis-marcianus
670,80cd47b8be,storeria-dekayi
671,48470bf29b,storeria-dekayi
672,21c06dfcf8,agkistrodon-contortrix
673,a0bce2082d,pituophis-catenifer
674,a14372c89f,nerodia-erythrogaster
675,1a7e4bd4c6,agkistrodon-contortrix
676,77b61563ed,agkistrodon-piscivorus
677,bbbcedc4c0,thamnophis-sirtalis
678,baba9a2a38,pituophis-catenifer
679,6fd6c6ccf6,nerodia-sipedon
680,1cef56fb1e,crotalus-atrox
681,5f6f35c987,thamnophis-sirtalis
682,d1eb8d51ae,crotalus-atrox
683,4617ca078b,nerodia-sipedon
684,77b4a4a25c,pantherophis-obsoletus
685,c2955c5d83,storeria-dekayi
686,67d5a9efbe,thamnophis-sirtalis
687,0fe9a54c20,crotalus-atrox
688,5b30be5fe9,opheodrys-aestivus
689,6469909eb8,pantherophis-obsoletus
690,b81a1b1d90,storeria-dekayi
691,e2363c1554,nerodia-sipedon
692,0cff3cb843,storeria-dekayi
693,1b340371e5,thamnophis-sirtalis
694,00e8ba3531,crotalus-ruber
695,dee1e6d310,diadophis-punctatus
696,e264f04ce9,opheodrys-aestivus
697,ddd56ba0c0,crotalus-atrox
698,c1cbf83f28,storeria-dekayi
699,13275759e4,nerodia-erythrogaster
700,d37b0ef11f,crotalus-atrox
701,898d62255d,rhinocheilus-lecontei
702,f9bbc7153a,agkistrodon-contortrix
703,f8ac5953cb,pituophis-catenifer
704,ad9921a2aa,diadophis-punctatus
705,a5f85aab22,pantherophis-alleghaniensis
706,c6234d79bb,lampropeltis-triangulum
707,771f6f3fe6,pantherophis-obsoletus
708,688b29b043,thamnophis-sirtalis
709,19ccba64b3,opheodrys-aestivus
710,72115baab1,crotalus-atrox
711,6becc6093d,rhinocheilus-lecontei
712,7855bae864,nerodia-sipedon
713,d50acbddb2,pituophis-catenifer
714,83899a6b49,thamnophis-sirtalis
715,11e97175b8,crotalus-atrox
716,5980c7a6f7,pantherophis-obsoletus
717,2d61b82de7,nerodia-sipedon
718,1f90c834c5,crotalus-atrox
719,e0474c1be9,nerodia-sipedon
720,96dbc2f29b,opheodrys-aestivus
721,d1b7d9ba22,pituophis-catenifer
722,fd2f1d3113,lampropeltis-triangulum
723,928460dde9,thamnophis-sirtalis
724,d63c0e9fdc,lampropeltis-triangulum
725,78ed1037b8,thamnophis-sirtalis
726,b3fe7d062c,crotalus-atrox
727,9315549d3a,crotalus-ruber
728,c3bd25298d,coluber-constrictor
729,8f92043d8f,lampropeltis-triangulum
730,9069355571,pantherophis-obsoletus
731,a1e486d349,lampropeltis-californiae
732,bbaf558ecf,diadophis-punctatus
733,516de4c918,pantherophis-obsoletus
734,3a8c8aa252,crotalus-horridus
735,44aa210a3e,nerodia-rhombifer
736,64553a6913,lampropeltis-triangulum
737,e90ba4331c,thamnophis-radix
738,11649cec48,opheodrys-aestivus
739,c3444151d5,storeria-dekayi
740,37ee5eb735,agkistrodon-contortrix
741,3f36710eb6,agkistrodon-contortrix
742,624b2cc236,pantherophis-obsoletus
743,0c9a05356b,storeria-dekayi
744,aa4b3d2785,crotalus-atrox
745,8a43339a29,thamnophis-sirtalis
746,a11bf6e766,crotalus-atrox
747,3d1b0e14ff,diadophis-punctatus
748,a698472a57,agkistrodon-contortrix
749,3e733e66de,pituophis-catenifer
750,7a374981e5,crotalus-horridus
751,45bd4f73b1,nerodia-rhombifer
752,e17bb727be,diadophis-punctatus
753,c79bcf2098,nerodia-sipedon
754,1f6403d491,lampropeltis-triangulum
755,93ad7fe563,diadophis-punctatus
756,47e8f1b843,crotalus-atrox
757,c5c1619dee,pituophis-catenifer
758,ee52b1c3e4,crotalus-atrox
759,bdfce30128,pantherophis-guttatus
760,bcfa129e05,pantherophis-obsoletus
761,c3007e0e16,storeria-dekayi
762,e3e8505f6f,diadophis-punctatus
763,60c5ab7fe1,nerodia-sipedon
764,af58bb743b,pantherophis-guttatus
765,eab49156d7,storeria-dekayi
766,847a278c9a,thamnophis-sirtalis
767,22b4344fa1,nerodia-sipedon
768,0297424cbd,crotalus-atrox
769,e9aac999b1,pantherophis-obsoletus
770,45df9e533a,rhinocheilus-lecontei
771,ac57aad226,pantherophis-obsoletus
772,79b4ba46ed,pantherophis-obsoletus
773,890c0055e6,diadophis-punctatus
774,b83e0a56e3,pantherophis-obsoletus
775,ca0e73a30b,nerodia-erythrogaster
776,5feb234354,crotalus-ruber
777,7f8f6794e6,pantherophis-guttatus
778,a4c523e2b2,rhinocheilus-lecontei
779,817e074b35,agkistrodon-contortrix
780,7019567057,pituophis-catenifer
781,6fecaaf9f8,crotalus-atrox
782,1bac862621,pituophis-catenifer
783,ad72ea0194,thamnophis-sirtalis
784,58cd93d84d,thamnophis-sirtalis
785,797bf37edf,nerodia-sipedon
786,6c1f740183,lampropeltis-triangulum
787,22ee9b9874,storeria-dekayi
788,586ba03c24,crotalus-atrox
789,fec707022c,agkistrodon-contortrix
790,eab43ca7a3,thamnophis-proximus
791,311d69ffb9,crotalus-atrox
792,a45609e2f1,pantherophis-obsoletus
793,2b9e221d99,crotalus-atrox
794,f8b43d780b,thamnophis-sirtalis
795,b982fadd00,agkistrodon-piscivorus
796,59cff921b2,pantherophis-obsoletus
797,3f304c3d86,haldea-striatula
798,d6f1eb568f,lampropeltis-triangulum
799,0f1924cf80,storeria-dekayi
800,f5b2a347ff,nerodia-sipedon
801,dd818fb360,pituophis-catenifer
802,e8fe7df5ad,diadophis-punctatus
803,cf79767545,nerodia-erythrogaster
804,6f4a0cf636,crotalus-atrox
805,7cb6fcbad3,crotalus-horridus
806,9a07607611,crotalus-atrox
807,3f63e4612d,crotalus-atrox
808,e5e4aeeaf7,agkistrodon-contortrix
809,a3c79fb490,thamnophis-sirtalis
810,16fbebdc1f,storeria-dekayi
811,274e3979b2,rhinocheilus-lecontei
812,99e9171fcb,pituophis-catenifer
813,0f0969f7d7,thamnophis-sirtalis
814,da7acc2a0f,pantherophis-alleghaniensis
815,c685ea9df1,pantherophis-alleghaniensis
816,6fa95b4e8d,crotalus-atrox
817,8ce3cee642,nerodia-sipedon
818,86915f6c43,haldea-striatula
819,282ce15a59,diadophis-punctatus
820,21b66186b7,opheodrys-aestivus
821,7f9dafc904,agkistrodon-piscivorus
822,cfcbf6740c,pantherophis-alleghaniensis
823,7391e1f35e,crotalus-atrox
824,ac42c482a2,crotalus-atrox
825,d400216179,thamnophis-sirtalis
826,18a1ebef0e,thamnophis-sirtalis
827,32fee7fe2c,lampropeltis-californiae
828,bac648289c,pantherophis-alleghaniensis
829,6a6723f2d9,thamnophis-sirtalis
830,e81112e8d1,storeria-dekayi
831,481f91feb4,lampropeltis-triangulum
832,d5636c22bd,pantherophis-obsoletus
833,25bc9f384d,lampropeltis-triangulum
834,eaa7edf8dc,diadophis-punctatus
835,fdb05268b8,crotalus-atrox
836,e7cf15f7c1,pantherophis-obsoletus
837,3619f16494,lampropeltis-triangulum
838,7a27082f24,opheodrys-aestivus
839,8d98278446,nerodia-sipedon
840,b9d53ffd45,nerodia-sipedon
841,5d6b176f01,storeria-dekayi
842,e97ba49b46,pantherophis-obsoletus
843,1e04c22e2f,pituophis-catenifer
844,790aa417c2,pantherophis-obsoletus
845,b58213e015,lampropeltis-triangulum
846,042c0fc943,lampropeltis-californiae
847,47f515dbdc,diadophis-punctatus
848,84298633ca,pituophis-catenifer
849,e5a6f90969,crotalus-horridus
850,93c3acd68a,crotalus-atrox
851,7cd411e836,thamnophis-proximus
852,78398b7b6c,thamnophis-sirtalis
853,59e07d0848,nerodia-sipedon
854,75b98c6e29,pantherophis-alleghaniensis
855,b681aee40c,storeria-occipitomaculata
856,ac8fcab5ba,pantherophis-obsoletus
857,c68656ee58,diadophis-punctatus
858,a1ae1155b3,thamnophis-sirtalis
859,c685e04441,crotalus-atrox
860,b24743c49c,pantherophis-alleghaniensis
861,798c090b10,thamnophis-sirtalis
862,ea135d3a89,storeria-dekayi
863,c06284e0af,opheodrys-aestivus
864,fe4b15022b,agkistrodon-contortrix
865,fbb94e594c,thamnophis-sirtalis
866,5f7a87f204,thamnophis-marcianus
867,ed8e92ecf1,storeria-dekayi
868,9885c6266a,nerodia-sipedon
869,02a78ae220,storeria-dekayi
870,7b7117f0c1,agkistrodon-piscivorus
871,70355e73f8,pantherophis-obsoletus
872,2fc72ef3f4,rhinocheilus-lecontei
873,5d3e048c96,pantherophis-obsoletus
874,25623b3ce6,pantherophis-obsoletus
875,083e3b50fd,diadophis-punctatus
876,0f6b88fcfc,crotalus-atrox
877,91370ed279,thamnophis-sirtalis
878,7245fe93b9,thamnophis-sirtalis
879,9cb7c4fd24,pantherophis-obsoletus
880,7de50b5bdc,storeria-dekayi
881,53a5a161de,pituophis-catenifer
882,59fe71d682,agkistrodon-piscivorus
883,a8d2967840,lampropeltis-californiae
884,3355a69bda,pantherophis-obsoletus
885,5dbde45405,crotalus-atrox
886,47e66422c8,nerodia-sipedon
887,adaa93af64,crotalus-atrox
888,4fadd04098,pantherophis-guttatus
889,1be8871524,thamnophis-proximus
890,ab0cd50587,crotalus-atrox
891,9b755092e4,agkistrodon-contortrix
892,1e998306c0,thamnophis-sirtalis
893,07f075d594,storeria-dekayi
894,3d35b26c1a,rhinocheilus-lecontei
895,071901eca8,pantherophis-vulpinus
896,022d71aae9,crotalus-horridus
897,4e8049b6d0,pituophis-catenifer
898,f354b8dfe7,pituophis-catenifer
899,f3a74d6ee0,storeria-dekayi
900,2289e09d6a,pantherophis-obsoletus
901,70483cb8ea,storeria-dekayi
902,4d53b5cb4d,agkistrodon-contortrix
903,e50bb5978a,storeria-dekayi
904,48e9e8aff8,diadophis-punctatus
905,213acb4781,agkistrodon-piscivorus
906,e93cd41190,crotalus-horridus
907,7ca16d8c1b,opheodrys-aestivus
908,b7fe892e44,diadophis-punctatus
909,374615f6fb,crotalus-atrox
910,5126df2646,coluber-constrictor
911,1104584d38,thamnophis-sirtalis
912,dff6304429,thamnophis-sirtalis
913,0c2849a26e,storeria-dekayi
914,9d4ce5b72f,agkistrodon-piscivorus
915,a141a881e2,opheodrys-aestivus
916,33346242e2,agkistrodon-piscivorus
917,0d20d1c1a2,nerodia-rhombifer
918,731a90d84c,storeria-dekayi
919,5e4c1c7cc2,agkistrodon-contortrix
920,9db0bdd59d,nerodia-rhombifer
921,253843f209,storeria-dekayi
922,e60709d049,storeria-dekayi
923,054a536789,crotalus-atrox
924,bf1a3b7b79,crotalus-atrox
925,d0612f3e8a,diadophis-punctatus
926,eebe64532a,agkistrodon-contortrix
927,79594b42ef,crotalus-atrox
928,bed81704c1,pituophis-catenifer
929,cbe0b8c85d,haldea-striatula
930,5ae808f8fd,pantherophis-vulpinus
931,5d448c05e1,agkistrodon-contortrix
932,4d051b9208,nerodia-sipedon
933,88c9cc598c,pantherophis-obsoletus
934,e81c30e876,opheodrys-aestivus
935,b9a8b67b16,thamnophis-marcianus
936,9dabb5ee25,nerodia-sipedon
937,7ca6b80658,thamnophis-proximus
938,f60d7f670e,thamnophis-sirtalis
939,55d9dd5142,agkistrodon-contortrix
940,882a08649b,storeria-dekayi
941,12fda3c135,pantherophis-obsoletus
942,8d13d818de,crotalus-atrox
943,deb68826e6,agkistrodon-contortrix
944,0b5507f2a9,nerodia-erythrogaster
945,6925f4782a,pantherophis-obsoletus
946,37f32fb0ba,crotalus-atrox
947,dd832524fa,nerodia-sipedon
948,c1f4d42327,nerodia-sipedon
949,d803830007,nerodia-erythrogaster
950,beec8cc1ba,pituophis-catenifer
951,11a5d8337e,agkistrodon-contortrix
952,f143d212b3,pantherophis-obsoletus
953,a77509b170,lampropeltis-triangulum
954,5c3936c628,crotalus-atrox
955,21deaeaa17,opheodrys-aestivus
956,1dcaaad800,thamnophis-proximus
957,484413b8d3,crotalus-horridus
958,8f25d1fc53,pituophis-catenifer
959,8d63dc0ed6,storeria-dekayi
960,c85a468e26,pituophis-catenifer
961,ba083e8689,pantherophis-guttatus
962,f99d915b6b,crotalus-atrox
963,855bd99878,crotalus-ruber
964,2266898888,thamnophis-sirtalis
965,46058d8161,crotalus-atrox
966,c6a13f622c,pantherophis-obsoletus
967,e0ed8038c6,nerodia-erythrogaster
968,4c11e184fd,crotalus-atrox
969,12e603532f,thamnophis-marcianus
970,5180638e96,lampropeltis-triangulum
971,b04dd2adec,storeria-dekayi
972,7066af3e95,crotalus-atrox
973,dfbfdc7fec,storeria-dekayi
974,cfb3f52655,lampropeltis-triangulum
975,a294303eeb,crotalus-atrox
976,f7358c1693,opheodrys-aestivus
977,9be3399776,haldea-striatula
978,7eab2c68bb,agkistrodon-contortrix
979,2a95741853,agkistrodon-contortrix
980,d5b1906aa1,thamnophis-sirtalis
981,436330dda2,crotalus-atrox
982,d20b9db32d,thamnophis-marcianus
983,7aed34b899,pantherophis-obsoletus
984,65406d36a7,storeria-dekayi
985,f4853bcc67,pantherophis-obsoletus
986,c2719ab3f2,diadophis-punctatus
987,4d8f022e07,opheodrys-aestivus
988,6ef01917c6,thamnophis-sirtalis
989,fae66dee74,agkistrodon-piscivorus
990,c1acdf0a74,lampropeltis-californiae
991,3ded70d7c3,thamnophis-sirtalis
992,83ab914a6d,diadophis-punctatus
993,fdbb06d2b0,crotalus-atrox
994,29c12aa50b,thamnophis-sirtalis
995,f4402d15f7,crotalus-viridis
996,b1d252ae26,pituophis-catenifer
997,e12901072d,nerodia-erythrogaster
998,d495120d71,thamnophis-sirtalis
999,4380a651bf,crotalus-atrox
1000,0dca38a9c9,crotalus-atrox
1001,c0575f37ac,agkistrodon-contortrix
1002,85bbb1d3fc,crotalus-horridus
1003,047788a264,pantherophis-alleghaniensis
1004,cf6a306170,agkistrodon-piscivorus
1005,3c187495d8,diadophis-punctatus
1006,93c4e94fba,crotalus-atrox
1007,a86943e07b,storeria-dekayi
1008,c09b16ca15,crotalus-atrox
1009,9b478155ac,lampropeltis-californiae
1010,fdce965a85,opheodrys-aestivus
1011,b86a0e9749,thamnophis-sirtalis
1012,72e92d074b,diadophis-punctatus
1013,442a001933,thamnophis-sirtalis
1014,f9ac703430,agkistrodon-contortrix
1015,f41723b2b7,agkistrodon-contortrix
1016,9b4ad29201,agkistrodon-piscivorus
1017,0e7368ddf1,thamnophis-proximus
1018,b5905be265,crotalus-atrox
1019,af55a93714,agkistrodon-piscivorus
1020,b8022114ff,agkistrodon-piscivorus
1021,6869daa30d,lampropeltis-triangulum
1022,f6826f3a44,pantherophis-obsoletus
1023,d846222a27,thamnophis-sirtalis
1024,8d8b41be92,thamnophis-sirtalis
1025,f5055dad14,pituophis-catenifer
1026,f5464b6c4d,thamnophis-sirtalis
1027,df783face0,thamnophis-sirtalis
1028,5366409cc9,agkistrodon-contortrix
1029,20070bf8e0,crotalus-atrox
1030,a8ae4b2cc4,thamnophis-sirtalis
1031,ebbfcc7256,thamnophis-sirtalis
1032,e0af3ec1dc,storeria-dekayi
1033,f8c29af6a4,pantherophis-obsoletus
1034,51aeb208e1,crotalus-horridus
1035,4892a7b03e,rhinocheilus-lecontei
1036,30d3a273c1,thamnophis-sirtalis
1037,9dea0393b2,crotalus-atrox
1038,5b06a39081,pantherophis-obsoletus
1039,9acd404c7b,crotalus-atrox
1040,b6467c0d86,pantherophis-guttatus
1041,ad18b657f0,diadophis-punctatus
1042,fdf6135552,diadophis-punctatus
1043,1af0a36d6c,pantherophis-alleghaniensis
1044,547f6b9455,lampropeltis-californiae
1045,bb222ddaa9,pantherophis-obsoletus
1046,3e53802c11,pantherophis-obsoletus
1047,44be6183a7,storeria-dekayi
1048,c73c3c3b9b,crotalus-atrox
1049,f519f23157,pituophis-catenifer
1050,1e56fb5139,thamnophis-sirtalis
1051,b4699a9c84,pituophis-catenifer
1052,c25b2a530d,crotalus-atrox
1053,c0c6aa8b10,rhinocheilus-lecontei
1054,88608b60c6,pituophis-catenifer
1055,1e416f3e13,agkistrodon-contortrix
1056,40988857ce,thamnophis-marcianus
1057,0c89d31702,thamnophis-sirtalis
1058,ed26fe7996,opheodrys-aestivus
1059,94fe7ff244,agkistrodon-contortrix
1060,46ee76ccb8,pituophis-catenifer
1061,d65c2dc896,lampropeltis-californiae
1062,b0ebe0ec7c,crotalus-horridus
1063,b976cbbc89,storeria-dekayi
1064,8ba809dab1,diadophis-punctatus
1065,375696a37f,thamnophis-sirtalis
1066,9db974a233,storeria-dekayi
1067,31b15b7404,crotalus-atrox
1068,8d33851a8b,crotalus-atrox
1069,17b3968ced,pantherophis-obsoletus
1070,92dc510a40,crotalus-atrox
1071,512fc9e23c,crotalus-atrox
1072,d3a15518ac,crotalus-atrox
1073,606b454ea5,crotalus-horridus
1074,9e8f1195b3,pituophis-catenifer
1075,9b09290d21,crotalus-atrox
1076,143df6c4aa,crotalus-atrox
1077,db06bafc17,coluber-constrictor
1078,090abdc8b8,pantherophis-guttatus
1079,ed7b95d537,thamnophis-sirtalis
1080,ebdbb4edfa,opheodrys-aestivus
1081,e51bebd7ce,crotalus-atrox
1082,65faa9df15,nerodia-sipedon
1083,7cf1559b96,nerodia-sipedon
1084,809a0a209e,haldea-striatula
1085,14a0397527,pantherophis-obsoletus
1086,db945af48b,storeria-dekayi
1087,3338b33890,crotalus-ruber
1088,c3f5e146ba,opheodrys-aestivus
1089,722b6323ec,nerodia-sipedon
1090,4a6b1852d0,lampropeltis-triangulum
1091,9a73a81dff,storeria-dekayi
1092,44e2cc78d3,rhinocheilus-lecontei
1093,e36fa6f2e6,nerodia-sipedon
1094,37701846eb,crotalus-atrox
1095,c4804cb27f,pituophis-catenifer
1096,2f774a0168,diadophis-punctatus
1097,477737deba,crotalus-atrox
1098,684a7b08ae,crotalus-atrox
1099,aadfad28f5,diadophis-punctatus
1100,2847d4e56d,diadophis-punctatus
1101,2e9f1674bc,crotalus-ruber
1102,385ea02927,pituophis-catenifer
1103,aaa615d84a,lampropeltis-triangulum
1104,4a56a9830a,opheodrys-aestivus
1105,add4ded433,storeria-dekayi
1106,86cb5618f9,pantherophis-vulpinus
1107,8e1be27f76,storeria-dekayi
1108,41de4add86,crotalus-atrox
1109,618148c93a,pantherophis-obsoletus
1110,94384b64ee,nerodia-rhombifer
1111,98ca8e97e3,thamnophis-sirtalis
1112,58a809a5da,storeria-dekayi
1113,c82b0038fb,storeria-dekayi
1114,3e948e13ad,rhinocheilus-lecontei
1115,b77fbe5457,nerodia-erythrogaster
1116,5ea87a2f3d,thamnophis-proximus
1117,3aaaeb3001,diadophis-punctatus
1118,855792de01,agkistrodon-contortrix
1119,a4936afac4,crotalus-atrox
1120,68570123d7,pituophis-catenifer
1121,ab501eeaa1,agkistrodon-contortrix
1122,fa68e6c437,storeria-dekayi
1123,b78234966e,pantherophis-obsoletus
1124,d8989a7ebd,storeria-dekayi
1125,de9b02c30b,coluber-constrictor
1126,8d02041d76,crotalus-horridus
1127,924799e3f4,opheodrys-aestivus
1128,9a78bc503d,diadophis-punctatus
1129,fe652f12b4,opheodrys-aestivus
1130,ff8781cb80,nerodia-sipedon
1131,c41ed9c05b,agkistrodon-contortrix
1132,3024fa18e5,storeria-dekayi
1133,488901ecd7,agkistrodon-piscivorus
1134,3bbdab923c,crotalus-atrox
1135,08a0158c25,agkistrodon-contortrix
1136,3563d17587,opheodrys-aestivus
1137,50281e1d1d,pituophis-catenifer
1138,a28a1a35a7,thamnophis-marcianus
1139,8161449847,opheodrys-aestivus
1140,b9179ad8ed,agkistrodon-contortrix
1141,aeeb16bfec,crotalus-atrox
1142,2c983824a0,diadophis-punctatus
1143,8481649aee,pantherophis-alleghaniensis
1144,20f14eedb1,pituophis-catenifer
1145,341d33701d,nerodia-sipedon
1146,df0fb047d2,storeria-dekayi
1147,4228389f4b,thamnophis-radix
1148,0ce760d438,diadophis-punctatus
1149,7d316f0c9d,pantherophis-alleghaniensis
1150,d98003bb75,storeria-dekayi
1151,4f39265344,agkistrodon-contortrix
1152,012154c583,storeria-dekayi
1153,cfa7ab3db8,nerodia-sipedon
1154,5ac4d84b46,storeria-dekayi
1155,a1d9f93887,storeria-dekayi
1156,4fa2f1b008,pituophis-catenifer
1157,b45b7e4c81,storeria-dekayi
1158,786ba4ba4b,lampropeltis-californiae
1159,31614aea45,opheodrys-aestivus
1160,d111dafe36,agkistrodon-contortrix
1161,c2608c8551,crotalus-horridus
1162,cc7b9bd6ed,diadophis-punctatus
1163,9582dbeb27,agkistrodon-contortrix
1164,1e665d3a05,coluber-constrictor
1165,50d38f3707,thamnophis-proximus
1166,79818ed7bd,pantherophis-obsoletus
1167,13ebc1770d,nerodia-rhombifer
1168,92643765f4,lampropeltis-californiae
1169,c5b4577265,thamnophis-sirtalis
1170,46e4512b8e,lampropeltis-californiae
1171,79e5a876ae,lampropeltis-californiae
1172,eda032e523,agkistrodon-contortrix
1173,0fd905ded1,thamnophis-sirtalis
1174,ef82006232,pituophis-catenifer
1175,4b823fb6b9,nerodia-sipedon
1176,c71ddedbd6,lampropeltis-californiae
1177,8ab088c8fe,crotalus-atrox
1178,2a686ef996,thamnophis-marcianus
1179,44827e0c96,pantherophis-obsoletus
1180,c3c66a42cd,thamnophis-sirtalis
1181,97a2c7ecb7,storeria-dekayi
1182,68f05a3a85,nerodia-sipedon
1183,d67f206f3d,nerodia-rhombifer
1184,1b9dd02d06,nerodia-sipedon
1185,7cead4b1c3,diadophis-punctatus
1186,785a849ff5,crotalus-horridus
1187,02fa6b3ee5,thamnophis-sirtalis
1188,87318c3aca,pituophis-catenifer
1189,bb4b7c9f3b,thamnophis-proximus
1190,647d580a8c,agkistrodon-piscivorus
1191,c28fa93914,pantherophis-obsoletus
1192,1d6504604f,crotalus-atrox
1193,b960c924af,agkistrodon-piscivorus
1194,95f24f6dbf,rhinocheilus-lecontei
1195,144981a319,thamnophis-sirtalis
1196,c5843ff6bc,pituophis-catenifer
1197,3981bb53f1,diadophis-punctatus
1198,8cb6eebb38,pituophis-catenifer
1199,8111c15451,nerodia-erythrogaster
1200,0dddf76dfe,opheodrys-aestivus
1201,5421f5b6ca,agkistrodon-contortrix
1202,f2d94b49ca,rhinocheilus-lecontei
1203,76cdffaffb,lampropeltis-triangulum
1204,46a6a306fc,pituophis-catenifer
1205,2b6245d77b,pituophis-catenifer
1206,c47c82122f,nerodia-rhombifer
1207,c04ef971c2,pantherophis-obsoletus
1208,d112dcec1e,heterodon-platirhinos
1209,6c78d9c8ce,pantherophis-obsoletus
1210,1d3c4f7d2f,storeria-dekayi
1211,9c88832a7a,crotalus-atrox
1212,0cc412b743,pantherophis-spiloides
1213,813751c7fe,pantherophis-alleghaniensis
1214,fba47323dd,storeria-dekayi
1215,4733a797e4,lampropeltis-triangulum
1216,811119a90b,nerodia-sipedon
1217,0d08d8becf,nerodia-sipedon
1218,f3bdc27db9,thamnophis-sirtalis
1219,bbe79f4604,crotalus-atrox
1220,d5fb0f6816,pantherophis-alleghaniensis
1221,f94be71c7a,pantherophis-alleghaniensis
1222,4a247becfb,crotalus-atrox
1223,89a8cb0e76,diadophis-punctatus
1224,ef54757e06,crotalus-horridus
1225,da8f5e5486,nerodia-sipedon
1226,386f649b46,opheodrys-aestivus
1227,ef07005750,thamnophis-sirtalis
1228,33c33c3665,diadophis-punctatus
1229,d919c074ed,pantherophis-alleghaniensis
1230,343d7275b2,pantherophis-obsoletus
1231,1794be2478,haldea-striatula
1232,038eefc633,pantherophis-obsoletus
1233,033c590985,lampropeltis-triangulum
1234,1288525568,pantherophis-alleghaniensis
1235,3b0596bd51,opheodrys-aestivus
1236,84191bfd5a,nerodia-sipedon
1237,11660a3b49,diadophis-punctatus
1238,b5b4689c0d,storeria-dekayi
1239,6bc53a3ab8,pantherophis-obsoletus
1240,c095ab66df,rhinocheilus-lecontei
1241,6f44735f58,storeria-dekayi
1242,2f3f358d43,opheodrys-aestivus
1243,da3f1c4d6e,thamnophis-sirtalis
1244,0b975a80ed,pantherophis-obsoletus
1245,e27ca7d445,thamnophis-sirtalis
1246,14c1f66246,haldea-striatula
1247,69d4b15fd1,agkistrodon-contortrix
1248,657cdeaa72,pantherophis-alleghaniensis
1249,5b356b946f,agkistrodon-contortrix
1250,8b2bbb9546,haldea-striatula
1251,2b8b168c61,pituophis-catenifer
1252,e3654cac52,agkistrodon-contortrix
1253,65683b5376,pantherophis-alleghaniensis
1254,fc4dbc6d5d,nerodia-erythrogaster
1255,3dccd63a1c,diadophis-punctatus
1256,25891d7e28,storeria-dekayi
1257,7d47015e7f,nerodia-sipedon
1258,451a823673,pituophis-catenifer
1259,d930d37135,opheodrys-aestivus
1260,b937924469,nerodia-sipedon
1261,ad64e08277,pantherophis-obsoletus
1262,19bd628df5,pituophis-catenifer
1263,f247f88b68,pantherophis-obsoletus
1264,ba00658f4c,opheodrys-aestivus
1265,68722a30ea,crotalus-atrox
1266,36beae29d4,pantherophis-obsoletus
1267,ce8b6913f4,thamnophis-radix
1268,fbf220a77a,agkistrodon-contortrix
1269,5cb1e2553b,diadophis-punctatus
1270,992f8823fb,crotalus-atrox
1271,c10ff40811,pituophis-catenifer
1272,b1d492d342,pantherophis-obsoletus
1273,713804346e,pantherophis-guttatus
1274,1c54dbdb06,pantherophis-alleghaniensis
1275,db28e1151c,storeria-dekayi
1276,162a7cdf2a,pantherophis-obsoletus
1277,e9d344e301,agkistrodon-contortrix
1278,8610476c82,thamnophis-sirtalis
1279,054481ab8f,opheodrys-aestivus
1280,881fd4dc15,rhinocheilus-lecontei
1281,01bc7841f0,crotalus-atrox
1282,11f0e3c25b,nerodia-erythrogaster
1283,68642c8410,agkistrodon-piscivorus
1284,b73f6347cd,storeria-dekayi
1285,b3452f1934,thamnophis-proximus
1286,963998afb6,opheodrys-aestivus
1287,6dbd0674dd,lampropeltis-triangulum
1288,7ed1337bff,pituophis-catenifer
1289,55e04b0100,crotalus-atrox
1290,a8827df7c1,lampropeltis-triangulum
1291,1f393e851f,pituophis-catenifer
1292,54d2fa2eda,nerodia-erythrogaster
1293,d93873fdb7,storeria-dekayi
1294,bf1a6aa6aa,agkistrodon-contortrix
1295,7c63285d95,thamnophis-sirtalis
1296,ce17bee7ea,diadophis-punctatus
1297,fa0e46865e,storeria-dekayi
1298,c2ad7b1b76,pituophis-catenifer
1299,6dea60b535,nerodia-erythrogaster
1300,73bda1efb3,agkistrodon-contortrix
1301,0a92678115,nerodia-erythrogaster
1302,8bb0c18e00,crotalus-atrox
1303,15f4557735,thamnophis-sirtalis
1304,72d0f049bf,crotalus-atrox
1305,f35100aade,coluber-constrictor
1306,d44c8d5314,pituophis-catenifer
1307,0fa9fc3183,pantherophis-obsoletus
1308,c484be18d6,pituophis-catenifer
1309,d6279d9ecd,pantherophis-obsoletus
1310,a1c21d6672,pituophis-catenifer
1311,bde7c1f5cc,agkistrodon-contortrix
1312,e1dce31f83,crotalus-horridus
1313,227ad5b05c,crotalus-atrox
1314,b830d5dbe5,pituophis-catenifer
1315,ccb79ed307,crotalus-atrox
1316,fef6cec454,agkistrodon-contortrix
1317,b9509d1721,diadophis-punctatus
1318,6f3af7373d,diadophis-punctatus
1319,57db3594db,agkistrodon-contortrix
1320,2472af6c57,pantherophis-obsoletus
1321,bd43b49990,pituophis-catenifer
1322,64b358a9bb,crotalus-atrox
1323,a59422c281,crotalus-atrox
1324,6cbc15a33e,nerodia-sipedon
1325,48a78ec539,opheodrys-aestivus
1326,ec24a7dba0,nerodia-sipedon
1327,49734a6ebf,pituophis-catenifer
1328,01008992e9,pantherophis-guttatus
1329,11790d01c8,crotalus-atrox
1330,40b8fc0e84,nerodia-sipedon
1331,14b51564a5,storeria-dekayi
1332,5a7b351a60,opheodrys-aestivus
1333,2a7b6c5b9c,thamnophis-proximus
1334,26cab4eb5c,storeria-dekayi
1335,f03aa5df7a,storeria-dekayi
1336,b19e082892,agkistrodon-contortrix
1337,cb82fa561f,pituophis-catenifer
1338,902a71bf05,rhinocheilus-lecontei
1339,7bf3a6739b,thamnophis-proximus
1340,8a604f1ddc,crotalus-atrox
1341,7f926d3284,crotalus-atrox
1342,96958ebf1b,opheodrys-aestivus
1343,9886f29ea0,crotalus-atrox
1344,a151d5bd1d,diadophis-punctatus
1345,601a036889,crotalus-atrox
1346,ace74db921,diadophis-punctatus
1347,f92fe5e5b0,pantherophis-obsoletus
1348,49f08ece45,agkistrodon-piscivorus
1349,b8c09adadc,crotalus-atrox
1350,8b704e36a2,pituophis-catenifer
1351,3fd328c40e,opheodrys-aestivus
1352,07a1325194,storeria-dekayi
1353,559a737051,agkistrodon-contortrix
1354,9784892755,nerodia-sipedon
1355,6b1f376295,crotalus-atrox
1356,2e0d21aede,pantherophis-alleghaniensis
1357,4cb6776f57,pituophis-catenifer
1358,dad51cd1dd,diadophis-punctatus
1359,160ff28e12,crotalus-horridus
1360,ac2b560e59,crotalus-atrox
1361,80960684df,diadophis-punctatus
1362,dda7fe77cf,diadophis-punctatus
1363,41b6e2b209,agkistrodon-contortrix
1364,4e786381ff,storeria-dekayi
1365,e6f6b08dc0,crotalus-atrox
1366,39ae08a8a2,lampropeltis-triangulum
1367,07ad933b01,lampropeltis-californiae
1368,ab72fae277,nerodia-sipedon
1369,17b254d95e,opheodrys-aestivus
1370,d0a8efe351,agkistrodon-contortrix
1371,ccf22994e8,nerodia-rhombifer
1372,dc912c11c4,pantherophis-obsoletus
1373,cd41d47965,pantherophis-obsoletus
1374,c73f697001,agkistrodon-contortrix
1375,bf0251ff3c,storeria-dekayi
1376,42649255bc,thamnophis-sirtalis
1377,293259d508,storeria-dekayi
1378,4cc20d0bc8,opheodrys-aestivus
1379,8fabf4c798,pantherophis-obsoletus
1380,5d0faf4c7b,pantherophis-obsoletus
1381,e739a016b4,agkistrodon-contortrix
1382,222f09d68c,thamnophis-proximus
1383,a4bf73e176,lampropeltis-triangulum
1384,b137ef058f,lampropeltis-californiae
1385,c1039f5273,thamnophis-sirtalis
1386,b8c8491cb6,rhinocheilus-lecontei
1387,ee31dcdf27,crotalus-atrox
1388,718bc14e1a,crotalus-atrox
1389,67fea1ff7d,lampropeltis-triangulum
1390,e801ee6840,storeria-dekayi
1391,8d2b02a4b8,pituophis-catenifer
1392,1fff5a46d7,storeria-dekayi
1393,045f997c55,storeria-dekayi
1394,c724879503,crotalus-atrox
1395,ceb38802d8,opheodrys-aestivus
1396,f54c8489c0,nerodia-sipedon
1397,8a1aa78cda,thamnophis-sirtalis
1398,a89830d58e,pantherophis-obsoletus
1399,857c430acc,crotalus-atrox
1400,727d39c386,storeria-dekayi
1401,e46e1ff177,crotalus-atrox
1402,ff36f08f54,lampropeltis-triangulum
1403,42b9ebe601,crotalus-atrox
1404,6c2e15cfe3,thamnophis-sirtalis
1405,b0b4a61772,storeria-dekayi
1406,c08388a48f,crotalus-ruber
1407,bbfba08e73,crotalus-atrox
1408,8d52547e5f,storeria-dekayi
1409,34e6afb98b,pantherophis-obsoletus
1410,5d82166868,crotalus-atrox
1411,991a9dbcb3,lampropeltis-triangulum
1412,e0b2962c83,storeria-dekayi
1413,57050111e0,crotalus-atrox
1414,559ed5ed62,agkistrodon-contortrix
1415,cfa6f0c0ea,coluber-constrictor
1416,68ffd2a53a,crotalus-atrox
1417,b9afe1d694,pituophis-catenifer
1418,03e5159380,pituophis-catenifer
1419,7b9765dd01,diadophis-punctatus
1420,5b1613f007,storeria-dekayi
1421,a48ae72b05,crotalus-ruber
1422,55558305ba,crotalus-atrox
1423,895249fbf8,pantherophis-obsoletus
1424,3dcee426bd,agkistrodon-piscivorus
1425,0dffc5dc0a,thamnophis-sirtalis
1426,fbda0ff664,diadophis-punctatus
1427,47241a7a2f,diadophis-punctatus
1428,d417d4f631,opheodrys-aestivus
1429,23ad837e57,diadophis-punctatus
1430,6f2c9b0a8e,pantherophis-alleghaniensis
1431,a01abc8b06,heterodon-platirhinos
1432,c6ca718826,pituophis-catenifer
1433,ab888375df,agkistrodon-contortrix
1434,2b1db1ded4,thamnophis-proximus
1435,fd6832ac73,crotalus-atrox
1436,485a5b3419,pituophis-catenifer
1437,aedeb630da,pantherophis-obsoletus
1438,09f01bb907,crotalus-atrox
1439,a763ba3648,thamnophis-sirtalis
1440,dc5f2f060a,pantherophis-obsoletus
1441,dd01683edc,diadophis-punctatus
1442,e931b94a50,opheodrys-aestivus
1443,fa58c0f04f,pantherophis-guttatus
1444,e2c8b01054,crotalus-atrox
1445,15ddd7bca3,pantherophis-alleghaniensis
1446,f00a203827,diadophis-punctatus
1447,1cc583c86f,thamnophis-sirtalis
1448,8ae15dfb92,diadophis-punctatus
1449,71150f768b,storeria-dekayi
1450,0823016b69,nerodia-erythrogaster
1451,d21d7e61ca,storeria-dekayi
1452,063269761f,crotalus-atrox
1453,700d8ecd83,pantherophis-obsoletus
1454,4d2a67a53b,nerodia-rhombifer
1455,3292dbb525,pantherophis-alleghaniensis
1456,207bea7c2e,crotalus-atrox
1457,f47788339e,lampropeltis-californiae
1458,79104dbf66,pantherophis-obsoletus
1459,42378b3f2f,crotalus-atrox
1460,2a44495fb7,pituophis-catenifer
1461,3e2ea403b2,thamnophis-sirtalis
1462,f7e249aed9,pituophis-catenifer
1463,b92b1aedcc,pantherophis-obsoletus
1464,e1d6453f2b,pantherophis-guttatus
1465,cceb5470db,pituophis-catenifer
1466,8486c55d6c,opheodrys-aestivus
1467,a0dd47833b,storeria-dekayi
1468,1e056656bf,crotalus-atrox
1469,0b739e266e,agkistrodon-contortrix
1470,0394781976,crotalus-horridus
1471,13d58ec6aa,thamnophis-radix
1472,860bb58cdf,agkistrodon-contortrix
1473,9f6fd47396,storeria-dekayi
1474,295ab7d70f,rhinocheilus-lecontei
1475,e0e5b99f06,pantherophis-alleghaniensis
1476,af99899112,nerodia-sipedon
1477,a2d253f06d,storeria-dekayi
1478,db517bd3e6,crotalus-atrox
1479,6c5e01ce28,crotalus-atrox
1480,ad94af4567,crotalus-atrox
1481,a45fc803c9,thamnophis-proximus
1482,bfae6bd6d5,diadophis-punctatus
1483,688b2608c8,agkistrodon-contortrix
1484,3aedf03b93,nerodia-sipedon
1485,2988f6b14e,storeria-dekayi
1486,22533e6b71,crotalus-atrox
1487,ff7735def6,crotalus-atrox
1488,292607026b,thamnophis-radix
1489,3ccb420d0c,pantherophis-obsoletus
1490,13a059d87a,nerodia-sipedon
1491,3c083b4590,storeria-dekayi
1492,2cefdedb33,pantherophis-obsoletus
1493,a60ce6d077,lampropeltis-triangulum
1494,5bb72556f9,opheodrys-aestivus
1495,9ebfc32ad0,rhinocheilus-lecontei
1496,f962e3439e,diadophis-punctatus
1497,1930c4ef59,storeria-dekayi
1498,36ff5e2a56,storeria-dekayi
1499,17f7991a24,thamnophis-sirtalis
1500,e2852dfcc2,storeria-dekayi
1501,cac1cf0907,thamnophis-radix
1502,6bc32ee53e,lampropeltis-triangulum
1503,6fcc4ea871,crotalus-atrox
1504,b4d280970e,thamnophis-radix
1505,c0062f2cd3,agkistrodon-contortrix
1506,1debbd0daa,crotalus-atrox
1507,9e7a2e94c4,haldea-striatula
1508,b688c60e29,nerodia-erythrogaster
1509,9315a4a9e9,opheodrys-aestivus
1510,fb5fc3ff56,agkistrodon-contortrix
1511,87608051e5,opheodrys-aestivus
1512,b99098909e,pantherophis-obsoletus
1513,47a8ec4f3e,pituophis-catenifer
1514,bd95ef304d,crotalus-atrox
1515,9b07f3eacf,agkistrodon-contortrix
1516,3412a66683,storeria-dekayi
1517,867f2ef9d9,storeria-dekayi
1518,5b4838e1e5,pituophis-catenifer
1519,6ca03f6d63,storeria-dekayi
1520,3f59a08941,nerodia-erythrogaster
1521,91fb4fb5e5,nerodia-erythrogaster
1522,825908cce1,pantherophis-obsoletus
1523,9d0d36b4b2,storeria-dekayi
1524,a869568b74,thamnophis-marcianus
1525,4bb31fa285,agkistrodon-contortrix
1526,8b8357c908,thamnophis-sirtalis
1527,452124f26d,storeria-dekayi
1528,820f329919,agkistrodon-contortrix
1529,662449a569,pantherophis-alleghaniensis
1530,2cb9a689f8,thamnophis-sirtalis
1531,ac132f5934,agkistrodon-contortrix
1532,55c5a2a0bb,crotalus-horridus
1533,77cdc9894e,diadophis-punctatus
1534,b0669937f2,pituophis-catenifer
1535,416e8f5071,pituophis-catenifer
1536,044b47bb18,crotalus-atrox
1537,b11275c440,nerodia-sipedon
1538,6d644b2b27,pituophis-catenifer
1539,fe3fe692d4,diadophis-punctatus
1540,57ef22b097,storeria-dekayi
1541,d9fca7fbeb,rhinocheilus-lecontei
1542,f3ecca6910,crotalus-atrox
1543,2004e8fe2c,pituophis-catenifer
1544,5ed983ebe4,diadophis-punctatus
1545,0ce29ac201,agkistrodon-contortrix
1546,3327333217,crotalus-atrox
1547,ba126f9814,crotalus-atrox
1548,58a86e1fbc,crotalus-horridus
1549,ce51028899,crotalus-horridus
1550,a075ddf05c,thamnophis-sirtalis
1551,27fe381477,agkistrodon-piscivorus
1552,5fa87ae1fc,nerodia-sipedon
1553,b5293b81b0,agkistrodon-piscivorus
1554,5653096047,pituophis-catenifer
1555,37503e8da9,storeria-dekayi
1556,aee44249a7,lampropeltis-californiae
1557,15003d8072,diadophis-punctatus
1558,26ea706d87,crotalus-atrox
1559,b107b5bfec,pantherophis-guttatus
1560,e2fcddeb52,agkistrodon-contortrix
1561,3abfa44d66,rhinocheilus-lecontei
1562,575fd1acd4,lampropeltis-californiae
1563,4e595ab339,coluber-constrictor
1564,eaedb4aeea,agkistrodon-contortrix
1565,f26b948e46,agkistrodon-piscivorus
1566,9f10e1116b,crotalus-horridus
1567,da3f536aeb,nerodia-sipedon
1568,14265d230f,agkistrodon-contortrix
1569,87403ef53d,nerodia-sipedon
1570,b6ffe43c55,opheodrys-aestivus
1571,75ebbc0cd3,storeria-dekayi
1572,b1e89ad24e,pantherophis-obsoletus
1573,56c9e212e1,haldea-striatula
1574,c375eaa47c,nerodia-erythrogaster
1575,9d60408184,storeria-dekayi
1576,7c700cba7a,lampropeltis-triangulum
1577,4846c2ff38,heterodon-platirhinos
1578,cca13460db,diadophis-punctatus
1579,ace4428288,crotalus-atrox
1580,f93b01cf67,crotalus-atrox
1581,381cd1d7b0,pantherophis-obsoletus
1582,30e4144ba5,pantherophis-obsoletus
1583,c96674a57e,lampropeltis-californiae
1584,b5fa9c891c,crotalus-atrox
1585,857dc26592,crotalus-atrox
1586,a76c44bb89,crotalus-atrox
1587,82e701f9a7,agkistrodon-contortrix
1588,9e2d9ab3e2,diadophis-punctatus
1589,a8ea06d10f,pantherophis-obsoletus
1590,594cc3fd5a,nerodia-sipedon
1591,66533f8fc8,thamnophis-radix
1592,393100f69f,diadophis-punctatus
1593,be611db16b,crotalus-atrox
1594,e5a3e55619,storeria-dekayi
1595,ab227abef4,nerodia-sipedon
1596,f89b383858,diadophis-punctatus
1597,bc050ff130,pantherophis-obsoletus
1598,56c75093dd,nerodia-erythrogaster
1599,63da8e83a5,thamnophis-sirtalis
1600,ccd7709ba8,crotalus-atrox
1601,624a6c0459,crotalus-atrox
1602,f6f493238e,nerodia-rhombifer
1603,8ea489d2ec,diadophis-punctatus
1604,4414687ddb,pantherophis-alleghaniensis
1605,16768932e7,pituophis-catenifer
1606,4c3eb5bfb1,thamnophis-sirtalis
1607,29da4e905f,nerodia-sipedon
1608,3e77a414cf,lampropeltis-californiae
1609,480178afdb,lampropeltis-triangulum
1610,da1aeaec34,diadophis-punctatus
1611,f9d30e7c25,storeria-dekayi
1612,6c8893e5b9,pituophis-catenifer
1613,fcb8d0382d,nerodia-sipedon
1614,5ede340e32,lampropeltis-triangulum
1615,d1ef8c5ebe,storeria-dekayi
1616,20c98b7d75,thamnophis-sirtalis
1617,a32ca206e4,crotalus-atrox
1618,b14024890c,storeria-dekayi
1619,eadd4b193b,crotalus-atrox
1620,1309de6784,crotalus-atrox
1621,8c0ecbc291,opheodrys-aestivus
1622,86be30154b,diadophis-punctatus
1623,9cb8de814e,agkistrodon-piscivorus
1624,5f255f8a6f,pituophis-catenifer
1625,d6ed42c50b,thamnophis-sirtalis
1626,6ffd88def2,pituophis-catenifer
1627,348d974fa5,thamnophis-sirtalis
1628,6ff13e6eb6,agkistrodon-contortrix
1629,d441752d22,storeria-dekayi
1630,d582a92123,thamnophis-sirtalis
1631,fa6146a028,agkistrodon-piscivorus
1632,35a1801b68,thamnophis-proximus
1633,9ecc4721bf,thamnophis-marcianus
1634,7be7d952f8,diadophis-punctatus
1635,d58eda8969,thamnophis-sirtalis
1636,998a1cbe5a,crotalus-horridus
1637,2f28b83984,pituophis-catenifer
1638,54126ca78d,diadophis-punctatus
1639,d47dbad6f9,thamnophis-sirtalis
1640,b70ed6998c,agkistrodon-contortrix
1641,351a52d327,storeria-dekayi
1642,66c69c2d1a,opheodrys-aestivus
1643,e09b662bd5,pantherophis-obsoletus
1644,f457c263c5,nerodia-sipedon
1645,1996c3c0a0,pantherophis-alleghaniensis
1646,80c77ea095,nerodia-erythrogaster
1647,8fea7a6f67,storeria-dekayi
1648,e496c7ae34,diadophis-punctatus
1649,c33c94bd3d,nerodia-rhombifer
1650,356311d35c,pantherophis-vulpinus
1651,00fefc891d,opheodrys-aestivus
1652,4d8e2d733d,lampropeltis-triangulum
1653,8b16f8a4e1,pantherophis-guttatus
1654,c606bb7282,storeria-dekayi
1655,07265abede,lampropeltis-triangulum
1656,b5171d3348,haldea-striatula
1657,00a3b82892,pantherophis-obsoletus
1658,e9b38ba43f,crotalus-atrox
1659,27046a7f7d,opheodrys-aestivus
1660,325e2a718c,storeria-dekayi
1661,bd3de164e8,pantherophis-alleghaniensis
1662,05bbc5070b,pantherophis-obsoletus
1663,fe4bdf4f63,pantherophis-alleghaniensis
1664,f4459bc74a,nerodia-erythrogaster
1665,77dd465e89,lampropeltis-triangulum
1666,9db61dea8b,crotalus-atrox
1667,d66c3f3d34,nerodia-erythrogaster
1668,986467ee6d,crotalus-atrox
1669,bc055cfcf1,rhinocheilus-lecontei
1670,febc601a64,crotalus-atrox
1671,4fb62fe5f4,storeria-dekayi
1672,5c0dcbb923,agkistrodon-contortrix
1673,e405656b1b,nerodia-sipedon
1674,89ac32a56d,lampropeltis-triangulum
1675,e037e771c3,nerodia-sipedon
1676,dd13ef5784,pituophis-catenifer
1677,f5f14dcdd2,lampropeltis-californiae
1678,7d40454b7b,agkistrodon-contortrix
1679,cbe325ab91,thamnophis-sirtalis
1680,8b8f0dd5e6,agkistrodon-piscivorus
1681,fc58e19ca0,crotalus-atrox
1682,5e0fe76874,crotalus-viridis
1683,e42020f71e,nerodia-sipedon
1684,6ee21f4bbc,crotalus-horridus
1685,7e25f7155c,thamnophis-sirtalis
1686,aba879e0f7,agkistrodon-piscivorus
1687,79e730fef9,storeria-dekayi
1688,2d0a449a11,lampropeltis-triangulum
1689,ddeaf09179,diadophis-punctatus
1690,50a7c39fb7,agkistrodon-contortrix
1691,018c739beb,nerodia-sipedon
1692,fc94ed1d6d,nerodia-sipedon
1693,230c70d896,pituophis-catenifer
1694,d2084ae837,crotalus-atrox
1695,580f638042,agkistrodon-contortrix
1696,cd8dc76a5a,crotalus-atrox
1697,c8ca8f0048,lampropeltis-californiae
1698,ef1690ca4f,rhinocheilus-lecontei
1699,d484524f6a,thamnophis-sirtalis
1700,3e12eda545,agkistrodon-contortrix
1701,2874500090,storeria-dekayi
1702,279efc0706,agkistrodon-contortrix
1703,ff8722be40,thamnophis-sirtalis
1704,d1741bbdfa,agkistrodon-contortrix
1705,277dc08855,thamnophis-sirtalis
1706,79ce251e0a,agkistrodon-contortrix
1707,ec2cb44a7f,thamnophis-sirtalis
1708,f13f3085ae,crotalus-atrox
1709,368907beeb,nerodia-sipedon
1710,cbb770ff5a,haldea-striatula
1711,543995ea87,pituophis-catenifer
1712,07624666fb,agkistrodon-contortrix
1713,bd32389689,thamnophis-sirtalis
1714,f22cb96859,pantherophis-alleghaniensis
1715,0a78ca4bcb,pantherophis-obsoletus
1716,d6a80b7b94,agkistrodon-contortrix
1717,ebcbf1382f,crotalus-atrox
1718,c334072feb,thamnophis-proximus
1719,2e97263a6b,lampropeltis-californiae
1720,77321df6c5,pituophis-catenifer
1721,779248244f,nerodia-sipedon
1722,8f336f0634,agkistrodon-contortrix
1723,7bf2980a9d,pantherophis-guttatus
1724,4bbc8c4bcb,thamnophis-marcianus
1725,e4827f9295,agkistrodon-piscivorus
1726,bdbd9d005c,diadophis-punctatus
1727,8b9db7077f,opheodrys-aestivus
1728,ca33c6d5ad,pantherophis-obsoletus
1729,2abb924a58,crotalus-horridus
1730,ccdceb7b04,crotalus-horridus
1731,1c53a0e9af,pituophis-catenifer
1732,9d5e6df395,rhinocheilus-lecontei
1733,14766b3230,pituophis-catenifer
1734,336c730066,diadophis-punctatus
1735,b4f2848f54,diadophis-punctatus
1736,c7c9fdada6,pantherophis-guttatus
1737,2ea0beae2d,agkistrodon-contortrix
1738,093655b322,thamnophis-sirtalis
1739,5eab328c5b,diadophis-punctatus
1740,5955a29848,pantherophis-obsoletus
1741,07437a1fe8,agkistrodon-contortrix
1742,f63b571452,storeria-dekayi
1743,2632a10a71,agkistrodon-contortrix
1744,274fd61c14,nerodia-sipedon
1745,a7f5375ba7,nerodia-sipedon
1746,f037d55664,crotalus-atrox
1747,138924be68,opheodrys-aestivus
1748,acd563d446,crotalus-atrox
1749,4b381d7348,agkistrodon-piscivorus
1750,0ae45b5aaa,lampropeltis-triangulum
1751,a853ecfce0,pituophis-catenifer
1752,f7ab9a3e13,crotalus-atrox
1753,231da2602e,agkistrodon-contortrix
1754,48ac7f1c7d,agkistrodon-piscivorus
1755,770de8c393,thamnophis-sirtalis
1756,2049112874,pantherophis-obsoletus
1757,d5c6a36fb3,diadophis-punctatus
1758,5d5286410a,haldea-striatula
1759,fbd2e05f9d,diadophis-punctatus
1760,5cb1e77e60,thamnophis-proximus
1761,016c384a1a,thamnophis-proximus
1762,7b7a456cd9,storeria-dekayi
1763,99e3cdcc39,agkistrodon-contortrix
1764,a3df4a6366,pantherophis-alleghaniensis
1765,3b99bf84d6,crotalus-ruber
1766,59cd4c4417,pantherophis-obsoletus
1767,a44d993fbe,nerodia-sipedon
1768,806789a916,nerodia-sipedon
1769,10c35c9661,nerodia-sipedon
1770,d5998a22fb,crotalus-atrox
1771,f08e8cb28b,nerodia-rhombifer
1772,d931cd921f,diadophis-punctatus
1773,5ab3fc3b21,rhinocheilus-lecontei
1774,9310ca3b13,storeria-dekayi
1775,990d9f9cc7,crotalus-horridus
1776,b883a88123,diadophis-punctatus
1777,659e1304ed,crotalus-horridus
1778,632568f983,thamnophis-sirtalis
1779,82b4daee47,thamnophis-sirtalis
1780,9e08e2e7c0,pituophis-catenifer
1781,995da4bdfe,nerodia-sipedon
1782,9ba5f59e0d,crotalus-ruber
1783,ecc2bff41e,nerodia-sipedon
1784,48807c6a7f,crotalus-atrox
1785,f9bfc13a70,thamnophis-sirtalis
1786,0bc8c8b3d9,crotalus-horridus
1787,9cd4b65c2c,thamnophis-proximus
1788,511dffe7d2,storeria-occipitomaculata
1789,0d885db042,agkistrodon-piscivorus
1790,10ff7e57d3,pantherophis-alleghaniensis
1791,b9551ebdb5,storeria-dekayi
1792,bb4acca82d,agkistrodon-piscivorus
1793,6a5c796675,nerodia-rhombifer
1794,3ccba0002a,opheodrys-aestivus
1795,521a24cb0a,storeria-dekayi
1796,7db0e926a2,pantherophis-obsoletus
1797,82335fe2c5,thamnophis-marcianus
1798,5f9a9502e6,storeria-dekayi
1799,10cea40844,thamnophis-sirtalis
1800,a370764eb5,crotalus-atrox
1801,f5f5fa2cb8,storeria-dekayi
1802,662387370b,storeria-dekayi
1803,c68022554f,diadophis-punctatus
1804,c36db9f26d,agkistrodon-contortrix
1805,cbfddc9c88,crotalus-atrox
1806,cc51485193,storeria-dekayi
1807,ca424e0558,pantherophis-alleghaniensis
1808,af114ec554,storeria-dekayi
1809,cbd8652fef,storeria-dekayi
1810,80da121cf4,nerodia-erythrogaster
1811,108da1072a,pantherophis-obsoletus
1812,66f17263f8,lampropeltis-californiae
1813,f5752a0f0a,opheodrys-aestivus
1814,e7e867160a,opheodrys-aestivus
1815,ca291a5737,agkistrodon-contortrix
1816,7f8c875465,diadophis-punctatus
1817,195a2f4c3a,lampropeltis-triangulum
1818,2757eb8bbd,storeria-dekayi
1819,53d596c447,nerodia-erythrogaster
1820,18a07e89ac,storeria-dekayi
1821,1c806c5b9b,thamnophis-sirtalis
1822,a8fae46a5a,pantherophis-obsoletus
1823,eab9b89ad9,diadophis-punctatus
1824,3afe948592,nerodia-erythrogaster
1825,7230d4cc69,agkistrodon-contortrix
1826,35e116cab9,storeria-dekayi
1827,f7cf344e61,crotalus-atrox
1828,113f968224,storeria-dekayi
1829,b1fb6982cd,crotalus-viridis
1830,d50bdf5b2d,pantherophis-alleghaniensis
1831,5c818f58a7,crotalus-atrox
1832,533805ace7,pantherophis-guttatus
1833,783d628cbf,heterodon-platirhinos
1834,543bb54091,crotalus-atrox
1835,59411ea382,lampropeltis-triangulum
1836,7326d26554,agkistrodon-contortrix
1837,5b848633ea,diadophis-punctatus
1838,a1ba32ac3d,pantherophis-obsoletus
1839,c368ede9c3,thamnophis-sirtalis
1840,f1bae12c32,crotalus-atrox
1841,534d81b3e3,thamnophis-sirtalis
1842,91a95ef9cb,pantherophis-alleghaniensis
1843,78eac1ae97,crotalus-atrox
1844,f05faa4bb1,crotalus-horridus
1845,f748cf3f7e,pantherophis-alleghaniensis
1846,142141ec62,thamnophis-sirtalis
1847,c52ac38aa0,storeria-dekayi
1848,2c6828452e,thamnophis-proximus
1849,36cc932452,pantherophis-alleghaniensis
1850,459bff3c88,opheodrys-aestivus
1851,c75bd067fd,storeria-dekayi
1852,379c96f9ac,agkistrodon-contortrix
1853,65ba6853da,crotalus-atrox
1854,0db0392426,thamnophis-sirtalis
1855,b095d3ea2d,thamnophis-radix
1856,3415603d3c,pituophis-catenifer
1857,dafd6dd941,agkistrodon-contortrix
1858,a7bce1f266,storeria-dekayi
1859,c6a741646d,crotalus-atrox
1860,60dcbd5c62,pituophis-catenifer
1861,f8f3d41360,thamnophis-sirtalis
1862,9b5e5fd103,storeria-dekayi
1863,08f107e1e0,crotalus-atrox
1864,d96a2f8208,thamnophis-sirtalis
1865,b03b72c2eb,pituophis-catenifer
1866,c4b9384f10,thamnophis-proximus
1867,6f2637eba0,agkistrodon-piscivorus
1868,e7fbaf1783,crotalus-atrox
1869,2b07b7f1fc,thamnophis-marcianus
1870,22784e30bd,diadophis-punctatus
1871,fc99bec64d,crotalus-horridus
1872,e759f3eb2e,opheodrys-aestivus
1873,9b56093388,pituophis-catenifer
1874,985cdf296c,nerodia-sipedon
1875,af183d1608,storeria-dekayi
1876,ebf7de46e9,lampropeltis-californiae
1877,043d5f3770,nerodia-sipedon
1878,0b36bcded4,crotalus-atrox
1879,01ef98f8e1,crotalus-atrox
1880,47efeda4fa,crotalus-horridus
1881,fa62eae8c5,pantherophis-spiloides
1882,3da4f0bcba,pituophis-catenifer
1883,817a7ca50c,pituophis-catenifer
1884,4bb367498c,pantherophis-obsoletus
1885,aca563e081,pantherophis-obsoletus
1886,c6db7228bb,crotalus-atrox
1887,8e4a48cec4,pituophis-catenifer
1888,a3da69708a,pantherophis-obsoletus
1889,b142b8a891,nerodia-rhombifer
1890,4142bb2db1,pantherophis-alleghaniensis
1891,db3125c33e,crotalus-atrox
1892,5a2623981f,storeria-dekayi
1893,4b63db7a28,pantherophis-obsoletus
1894,5a67e89081,thamnophis-sirtalis
1895,b250c512df,pantherophis-obsoletus
1896,d952649529,pantherophis-obsoletus
1897,3ac12b3402,diadophis-punctatus
1898,6b15e3ec5f,nerodia-sipedon
1899,e4fa7fdae2,haldea-striatula
1900,3c79a2b1b5,pituophis-catenifer
1901,63d96d44bd,crotalus-atrox
1902,dc0f71785b,pituophis-catenifer
1903,3715978259,nerodia-sipedon
1904,5c02da1538,thamnophis-sirtalis
1905,a56a6fe0a7,thamnophis-sirtalis
1906,1ca029bf84,pantherophis-guttatus
1907,053bbbfcb7,crotalus-atrox
1908,3a231f98df,thamnophis-sirtalis
1909,ef3c60bc6b,nerodia-sipedon
1910,82c4e51f8a,crotalus-atrox
1911,2c9e196186,opheodrys-aestivus
1912,7c712866ff,crotalus-atrox
1913,fa72b3fe67,diadophis-punctatus
1914,2b8d448683,crotalus-atrox
1915,a75b4f3fb0,nerodia-sipedon
1916,7f2892af39,crotalus-atrox
1917,9877d40edb,thamnophis-sirtalis
1918,603192bd4c,pantherophis-obsoletus
1919,44a1a3e35f,pantherophis-alleghaniensis
1920,9b5096caa1,crotalus-atrox
1921,8dc1f0796e,lampropeltis-triangulum
1922,53e70d9cee,crotalus-ruber
1923,1b8242b960,pantherophis-obsoletus
1924,03158930ae,agkistrodon-contortrix
1925,6039af7619,nerodia-erythrogaster
1926,190a575a41,pituophis-catenifer
1927,2fc944bb61,thamnophis-radix
1928,d23b088919,pituophis-catenifer
1929,f17ff6178e,pantherophis-obsoletus
1930,401f315389,pantherophis-spiloides
1931,bd2046b98f,pantherophis-obsoletus
1932,64808b2252,haldea-striatula
1933,abc0495ee8,storeria-dekayi
1934,cb9f92f658,diadophis-punctatus
1935,7289b39618,storeria-dekayi
1936,d04605b05d,crotalus-atrox
1937,5cc447b09a,storeria-dekayi
1938,902ba5f792,crotalus-atrox
1939,a0c3ea95cd,storeria-dekayi
1940,93238c9b55,crotalus-atrox
1941,9510d33970,pituophis-catenifer
1942,cc01857305,agkistrodon-contortrix
1943,c379d985be,thamnophis-sirtalis
1944,30d87fe508,pantherophis-obsoletus
1945,d49df213b1,thamnophis-sirtalis
1946,9262535d19,crotalus-horridus
1947,954cf7d09a,nerodia-sipedon
1948,07adf1b336,pantherophis-obsoletus
1949,25b2fbd6ca,pituophis-catenifer
1950,d67ee11156,crotalus-atrox
1951,4bb9005883,pituophis-catenifer
1952,d26718bf1b,diadophis-punctatus
1953,f553f2da1c,diadophis-punctatus
1954,4bef4cae1b,pituophis-catenifer
1955,cc4949ffe3,nerodia-sipedon
1956,8cffcf426d,diadophis-punctatus
1957,17bff00b28,pituophis-catenifer
1958,e7b04cfe8c,storeria-dekayi
1959,910ad43321,pantherophis-alleghaniensis
1960,14b9be3fc8,nerodia-sipedon
1961,d210b0b664,agkistrodon-contortrix
1962,c20c4fedeb,agkistrodon-contortrix
1963,7aa2349bd4,pantherophis-obsoletus
1964,22ee6908b7,pantherophis-obsoletus
1965,99d080b04b,storeria-dekayi
1966,91111d3298,crotalus-atrox
1967,bcaa37e00c,pantherophis-alleghaniensis
1968,e8e4c7fbb1,thamnophis-marcianus
1969,ad27b3dc95,lampropeltis-californiae
1970,96c0e968cf,nerodia-sipedon
1971,c935ce3db7,pituophis-catenifer
1972,b6f53fbd8e,crotalus-atrox
1973,3f8b54c5b8,thamnophis-proximus
1974,4c885eabe4,agkistrodon-contortrix
1975,2786b3576c,crotalus-atrox
1976,a466efd69d,haldea-striatula
1977,407c2c9dda,thamnophis-sirtalis
1978,3565b03095,lampropeltis-californiae
1979,6e9284955c,crotalus-atrox
1980,8ed99e4c86,crotalus-horridus
1981,a5e69edc4b,rhinocheilus-lecontei
1982,4e6c995bef,crotalus-atrox
1983,5ae9d343e8,nerodia-rhombifer
1984,e25a32c987,nerodia-rhombifer
1985,b30e722d22,diadophis-punctatus
1986,5afeda65d0,thamnophis-sirtalis
1987,18ad85f471,agkistrodon-contortrix
1988,39927cfbaa,thamnophis-sirtalis
1989,7b692d1127,agkistrodon-contortrix
1990,84fcbb8e68,coluber-constrictor
1991,14ae30c15b,pantherophis-obsoletus
1992,a603faa96e,agkistrodon-piscivorus
1993,cd279c6a32,lampropeltis-californiae
1994,6aec488970,pantherophis-obsoletus
1995,4702bb06b2,agkistrodon-contortrix
1996,9f1f0c4d77,nerodia-sipedon
1997,37d255ba5a,diadophis-punctatus
1998,9270b2e18c,rhinocheilus-lecontei
1999,38d6a2113a,nerodia-sipedon
2000,c0f77950f7,diadophis-punctatus
2001,86a6eb367c,pituophis-catenifer
2002,3ad0cabc18,crotalus-atrox
2003,59b1221597,crotalus-atrox
2004,1012f2362a,pantherophis-obsoletus
2005,daac1e1960,pituophis-catenifer
2006,b1cb0097f1,pituophis-catenifer
2007,073e9ff640,pantherophis-obsoletus
2008,3105af6b71,crotalus-atrox
2009,c2cbb5ab68,crotalus-atrox
2010,8bd5db2b2b,thamnophis-proximus
2011,6e0adfbf99,storeria-dekayi
2012,ebfb1532ab,crotalus-atrox
2013,7120a62958,storeria-dekayi
2014,c15675b887,nerodia-sipedon
2015,9604596853,crotalus-atrox
2016,f2bc584e0b,thamnophis-sirtalis
2017,5ab91cb2ee,thamnophis-sirtalis
2018,a1177f99c4,agkistrodon-contortrix
2019,8c6e0cc938,storeria-dekayi
2020,ff85bf00f2,thamnophis-radix
2021,35dba4ac51,crotalus-atrox
2022,77cb900136,nerodia-sipedon
2023,f29d659e71,crotalus-atrox
2024,e9bb397147,pituophis-catenifer
2025,6f7f36069e,storeria-dekayi
2026,07989fe1c3,opheodrys-aestivus
2027,768a99b9e5,nerodia-sipedon
2028,5512ed611d,opheodrys-aestivus
2029,b598056f93,diadophis-punctatus
2030,8456d0ce23,opheodrys-aestivus
2031,f75b87d80d,diadophis-punctatus
2032,d69f21de4e,storeria-dekayi
2033,27163ec202,agkistrodon-contortrix
2034,414c6c1e8c,storeria-dekayi
2035,d11bd5b048,pituophis-catenifer
2036,99206af14b,lampropeltis-californiae
2037,d5cb6099b8,thamnophis-sirtalis
2038,9f06ab71ae,diadophis-punctatus
2039,ec7281cd7c,rhinocheilus-lecontei
2040,c2e01b4390,thamnophis-radix
2041,6a3c1344c4,thamnophis-radix
2042,8aba528ea0,agkistrodon-piscivorus
2043,0136882c08,crotalus-atrox
2044,83bf58f0b1,nerodia-sipedon
2045,0557d01771,pantherophis-obsoletus
2046,97022292ea,thamnophis-marcianus
2047,f6cc3d20e0,pantherophis-obsoletus
2048,f45f8ee077,pantherophis-alleghaniensis
2049,357c52b2f0,pantherophis-obsoletus
2050,90c8498d65,diadophis-punctatus
2051,aa3c457150,crotalus-atrox
2052,1ce0e88a44,storeria-dekayi
2053,e218ba88c9,storeria-dekayi
2054,57cec6689a,pantherophis-alleghaniensis
2055,6a5112a54d,thamnophis-sirtalis
2056,ac9117b886,storeria-dekayi
2057,2540a21720,agkistrodon-contortrix
2058,dd169804df,storeria-dekayi
2059,c237e67115,nerodia-sipedon
2060,fe298a3058,pantherophis-alleghaniensis
2061,4cc3b7adf3,pituophis-catenifer
2062,6b81c6a99c,agkistrodon-contortrix
2063,e2009dad0c,storeria-dekayi
2064,08765181d5,crotalus-atrox
2065,5e8c069be7,crotalus-atrox
2066,9339f7c45b,storeria-dekayi
2067,ab978ec9f5,pituophis-catenifer
2068,0a308984b0,crotalus-atrox
2069,4b444a7450,opheodrys-aestivus
2070,e985579c1c,crotalus-atrox
2071,a67125bb01,pituophis-catenifer
2072,2efa69a2f5,haldea-striatula
2073,b8cc1ff52b,storeria-dekayi
2074,5c2a00b326,thamnophis-sirtalis
2075,88c9895e1d,agkistrodon-contortrix
2076,85a138a2b1,opheodrys-aestivus
2077,031021f64c,rhinocheilus-lecontei
2078,afc6314ff1,pituophis-catenifer
2079,2e6564e977,nerodia-erythrogaster
2080,26492ca0f0,thamnophis-sirtalis
2081,8830373ae9,thamnophis-sirtalis
2082,c834e92d7b,pantherophis-guttatus
2083,1ae509bbff,nerodia-sipedon
2084,1edb40263d,crotalus-atrox
2085,28ed4d6904,crotalus-atrox
2086,2597f7e76d,crotalus-atrox
2087,3b7ab4e0d8,thamnophis-sirtalis
2088,82b1d44782,pituophis-catenifer
2089,9000233532,nerodia-sipedon
2090,a0da4b8579,diadophis-punctatus
2091,7f8365af3d,nerodia-erythrogaster
2092,f178404533,nerodia-sipedon
2093,da99774679,agkistrodon-contortrix
2094,635181b9d2,crotalus-atrox
2095,81176ee1c5,agkistrodon-contortrix
2096,aae5d3dda7,opheodrys-aestivus
2097,7e52574588,lampropeltis-californiae
2098,33b4f8c6ee,pantherophis-alleghaniensis
2099,929d07dc6c,thamnophis-proximus
2100,6d39dfc724,pituophis-catenifer
2101,2d6aff49e2,pituophis-catenifer
2102,372bc68670,pituophis-catenifer
2103,ec60c2ed8a,lampropeltis-triangulum
2104,62d1292fff,haldea-striatula
2105,a020682646,agkistrodon-contortrix
2106,2006370aad,nerodia-sipedon
2107,ccf697d8ee,pantherophis-obsoletus
2108,482495a29c,pituophis-catenifer
2109,ebee509f76,crotalus-atrox
2110,ec5bf8fc94,diadophis-punctatus
2111,ff2bb74401,storeria-dekayi
2112,9687257d87,agkistrodon-piscivorus
2113,1672540ff2,pantherophis-obsoletus
2114,40f8894ab0,pituophis-catenifer
2115,eeeb364f80,agkistrodon-contortrix
2116,17b6bccd26,storeria-dekayi
2117,6b5fdb070a,storeria-dekayi
2118,fb2fc7f287,agkistrodon-piscivorus
2119,bc238794f9,crotalus-atrox
2120,93447ffb77,pantherophis-obsoletus
2121,c508eadaf2,opheodrys-aestivus
2122,cf457786fd,rhinocheilus-lecontei
2123,4c47136817,storeria-dekayi
2124,f5215fb122,pantherophis-obsoletus
2125,36f8a53278,thamnophis-sirtalis
2126,da4b78e030,pantherophis-guttatus
2127,3857f94d7f,haldea-striatula
2128,95aa99daf1,crotalus-atrox
2129,2f71e4dbc5,storeria-dekayi
2130,494fb17d3f,agkistrodon-contortrix
2131,2783f6e72e,diadophis-punctatus
2132,0a1cb5c228,storeria-dekayi
2133,ee9f2b0478,storeria-dekayi
2134,ea7589812a,thamnophis-sirtalis
2135,0bec79eaff,storeria-dekayi
2136,594372deba,thamnophis-marcianus
2137,b48d02b277,crotalus-horridus
2138,6143211fb1,storeria-occipitomaculata
2139,9ccf3dc324,storeria-dekayi
2140,3ab63ae9ff,pantherophis-obsoletus
2141,155a2f53cf,diadophis-punctatus
2142,dfada263c6,diadophis-punctatus
2143,4932b1089d,thamnophis-sirtalis
2144,6d58bdcf39,crotalus-atrox
2145,734cb7f4b6,thamnophis-sirtalis
2146,e1f9280372,storeria-dekayi
2147,86f3c1735d,diadophis-punctatus
2148,07c9d2aa3b,crotalus-atrox
2149,7683989c81,thamnophis-sirtalis
2150,2890dcea84,nerodia-sipedon
2151,ef9804663f,storeria-dekayi
2152,6af9df245c,pantherophis-obsoletus
2153,f1c06381a3,pituophis-catenifer
2154,2d28192243,storeria-dekayi
2155,9896a79a1d,thamnophis-sirtalis
2156,9a9ae8f452,lampropeltis-californiae
2157,de6161fc29,rhinocheilus-lecontei
2158,2a74549a83,lampropeltis-triangulum
2159,5dfc97da50,nerodia-sipedon
2160,b79cdcde09,opheodrys-aestivus
2161,412b9deed5,crotalus-atrox
2162,827ade5a7b,crotalus-atrox
2163,018a9dc8d3,pituophis-catenifer
2164,98707250c7,thamnophis-sirtalis
2165,7c81f46daf,pantherophis-obsoletus
2166,ae0e1c4a78,storeria-dekayi
2167,a2ff49924c,agkistrodon-piscivorus
2168,2c92388500,thamnophis-sirtalis
2169,fb5ea6dd78,crotalus-atrox
2170,c795f9a09c,storeria-dekayi
2171,96964b08d8,rhinocheilus-lecontei
2172,82f95efa2b,agkistrodon-piscivorus
2173,b3937b0554,diadophis-punctatus
2174,1b6152c43b,crotalus-atrox
2175,97a30ec6dd,pituophis-catenifer
2176,dece1935ee,diadophis-punctatus
2177,4653c6fd7c,crotalus-atrox
2178,eca3e3a92b,crotalus-viridis
2179,96e30cfac5,pituophis-catenifer
2180,d1f106e978,rhinocheilus-lecontei
2181,657db6cb59,thamnophis-sirtalis
2182,31038dddc5,crotalus-atrox
2183,4511368f4f,pantherophis-obsoletus
2184,4fca272540,nerodia-sipedon
2185,961f8aa971,thamnophis-sirtalis
2186,41e50ec9ca,storeria-dekayi
2187,ad2a1a1ce2,storeria-dekayi
2188,92b9fd66a7,crotalus-atrox
2189,b2cb283e6a,storeria-dekayi
2190,a128fcabc1,pituophis-catenifer
2191,01cdc5a346,crotalus-atrox
2192,6f6c719cd8,storeria-dekayi
2193,7b073b871d,crotalus-atrox
2194,fb161a2da0,crotalus-atrox
2195,8639fe5b0f,pantherophis-obsoletus
2196,6c514aa440,pantherophis-alleghaniensis
2197,4e410fc7b2,crotalus-atrox
2198,c447daa98a,nerodia-sipedon
2199,33327a3289,rhinocheilus-lecontei
2200,0e00591aa0,storeria-dekayi
2201,c639c6450f,crotalus-horridus
2202,fd7f5407f9,lampropeltis-triangulum
2203,30379927e5,nerodia-sipedon
2204,faee0c2011,thamnophis-radix
2205,8a40ad504a,rhinocheilus-lecontei
2206,8b88fdf313,agkistrodon-contortrix
2207,5f46d656ec,diadophis-punctatus
2208,316bdbcb02,pantherophis-obsoletus
2209,e72a84360b,rhinocheilus-lecontei
2210,b639c34385,diadophis-punctatus
2211,37169c7bb0,crotalus-atrox
2212,3addd707c9,thamnophis-sirtalis
2213,8cfc6dd3fc,crotalus-atrox
2214,a2bfde867b,lampropeltis-californiae
2215,22bddb0584,coluber-constrictor
2216,4190fde1f9,agkistrodon-contortrix
2217,3d0d434f77,opheodrys-aestivus
2218,f01f1bf65f,nerodia-rhombifer
2219,5ac87d5d17,storeria-dekayi
2220,3e3c7d6a97,thamnophis-sirtalis
2221,40b6a032cf,pituophis-catenifer
2222,b68524273d,crotalus-atrox
2223,ab9310747f,pantherophis-obsoletus
2224,cf0eb86b3b,thamnophis-sirtalis
2225,e82ae7b777,pituophis-catenifer
2226,0124071f58,storeria-dekayi
2227,37acecc0dd,crotalus-viridis
2228,23c8856939,diadophis-punctatus
2229,40ae26e406,thamnophis-sirtalis
2230,4af1ee7c2d,pantherophis-obsoletus
2231,3fee6efbe8,diadophis-punctatus
2232,2d29d24cdb,agkistrodon-contortrix
2233,0d39054a9c,pituophis-catenifer
2234,25f552c213,thamnophis-sirtalis
2235,9a9ff1f37e,diadophis-punctatus
2236,9685d88cba,nerodia-erythrogaster
2237,95f1a02753,storeria-dekayi
2238,c9cec706f3,nerodia-erythrogaster
2239,d842503f72,storeria-dekayi
2240,3ae45feeeb,storeria-dekayi
2241,5179b57412,storeria-dekayi
2242,ff0d5db8c9,pantherophis-obsoletus
2243,c47ad4521c,pantherophis-obsoletus
2244,4086ec30bf,crotalus-atrox
2245,fb500e597c,nerodia-sipedon
2246,0fdca857ba,agkistrodon-contortrix
2247,16e3dff323,thamnophis-sirtalis
2248,70463ea3f3,lampropeltis-triangulum
2249,9de805091c,pituophis-catenifer
2250,3e2ba8887b,storeria-dekayi
2251,0a238c03e4,crotalus-ruber
2252,8c27c26f9f,crotalus-ruber
2253,447e96a831,crotalus-ruber
2254,4c173568d9,diadophis-punctatus
2255,5948054f6e,pituophis-catenifer
2256,cfb9943f32,crotalus-atrox
2257,0989b197e5,pituophis-catenifer
2258,93d698c9bb,pituophis-catenifer
2259,40ff71dcbb,thamnophis-sirtalis
2260,ddb3ee4efc,pantherophis-obsoletus
2261,94b92dedec,thamnophis-sirtalis
2262,14da1fc791,storeria-dekayi
2263,e97587c12c,nerodia-sipedon
2264,50e33fc24f,agkistrodon-contortrix
2265,2d146d1f12,lampropeltis-triangulum
2266,2e359108b2,crotalus-atrox
2267,55a884982c,nerodia-sipedon
2268,cc40d66bfb,thamnophis-sirtalis
2269,a8f470944a,thamnophis-marcianus
2270,b83f491562,pantherophis-obsoletus
2271,45cdae2a4e,thamnophis-sirtalis
2272,2c92500ad7,storeria-dekayi
2273,380f7deecf,storeria-dekayi
2274,9059623576,crotalus-atrox
2275,276c2680f9,storeria-dekayi
2276,2fa9ef0310,diadophis-punctatus
2277,d0c7913d75,storeria-dekayi
2278,9ce405566f,pituophis-catenifer
2279,c98b81ad8a,storeria-dekayi
2280,e3aa373714,pantherophis-alleghaniensis
2281,1e4f536605,pantherophis-guttatus
2282,ec209ef519,rhinocheilus-lecontei
2283,582700d0c7,crotalus-atrox
2284,7727cb44a1,pantherophis-guttatus
2285,bc92129dc2,diadophis-punctatus
2286,d92656ecc3,lampropeltis-californiae
2287,d76ff1ac44,thamnophis-sirtalis
2288,3034db32e1,pantherophis-obsoletus
2289,35b6982636,pituophis-catenifer
2290,1ac3b66cc3,diadophis-punctatus
2291,36534fcac5,storeria-dekayi
2292,10b1acb0b6,diadophis-punctatus
2293,54dcbb96e0,diadophis-punctatus
2294,731da2fb12,crotalus-horridus
2295,dce52386f5,thamnophis-sirtalis
2296,18b89918ca,agkistrodon-piscivorus
2297,839899700a,pituophis-catenifer
2298,84614e40b8,crotalus-horridus
2299,a7723f7ef4,agkistrodon-contortrix
2300,1d8ea15457,opheodrys-aestivus
2301,a487c28099,crotalus-atrox
2302,7240b699f4,diadophis-punctatus
2303,8a759fc288,pituophis-catenifer
2304,13b138dcc4,thamnophis-marcianus
2305,f7be9664a7,pituophis-catenifer
2306,641a4f65bc,crotalus-atrox
2307,bd4f7d349e,diadophis-punctatus
2308,000e2d0a91,storeria-dekayi
2309,ce502ba8a0,pituophis-catenifer
2310,97d93358ab,opheodrys-aestivus
2311,46f9560c99,thamnophis-sirtalis
2312,5888a3e522,pantherophis-guttatus
2313,84d4a08b93,crotalus-atrox
2314,8293286f7c,agkistrodon-contortrix
2315,4c01b5b8ba,storeria-dekayi
2316,13854590ea,agkistrodon-contortrix
2317,1a019b53b3,pituophis-catenifer
2318,7f2637a665,pantherophis-obsoletus
2319,46d28d1bf2,lampropeltis-californiae
2320,ba4c35ebf2,pantherophis-obsoletus
2321,c4476648be,crotalus-atrox
2322,0e8f2965b4,storeria-dekayi
2323,e4bcba036b,crotalus-ruber
2324,dc6f3721ba,crotalus-atrox
2325,e9b8444822,rhinocheilus-lecontei
2326,02eda2c865,pantherophis-obsoletus
2327,32edd9e217,thamnophis-sirtalis
2328,0a23c6dbed,diadophis-punctatus
2329,0138d2cb1a,thamnophis-sirtalis
2330,a265b17556,diadophis-punctatus
2331,5360e19610,storeria-dekayi
2332,6929c425fd,thamnophis-sirtalis
2333,d1006244a6,pantherophis-vulpinus
2334,561e39734f,crotalus-atrox
2335,8f31a0a689,nerodia-rhombifer
2336,7012d40d2f,storeria-dekayi
2337,7a35c857bc,thamnophis-sirtalis
2338,f77e1aa99f,haldea-striatula
2339,75252599b9,crotalus-atrox
2340,4af6d73d49,crotalus-atrox
2341,cd7d579dab,storeria-dekayi
2342,7b0ad73599,pituophis-catenifer
2343,34b33a11fa,nerodia-sipedon
2344,3170f538d1,crotalus-atrox
2345,8586ab31a9,lampropeltis-californiae
2346,08acf2e47d,storeria-dekayi
2347,b1286d3868,pantherophis-obsoletus
2348,2d0f08fa36,thamnophis-proximus
2349,a0b9ba917f,haldea-striatula
2350,f40abd0edf,pituophis-catenifer
2351,3bd72284b8,thamnophis-sirtalis
2352,8b5cd0f884,crotalus-atrox
2353,f8e59232c8,thamnophis-sirtalis
2354,572c5c3520,agkistrodon-piscivorus
2355,957c00b573,diadophis-punctatus
2356,93e591cb23,storeria-dekayi
2357,68a603b39d,diadophis-punctatus
2358,4f472510f3,storeria-dekayi
2359,d6884444ae,nerodia-erythrogaster
2360,c0fa7df5de,crotalus-atrox
